{"mae_main": [0.4980222928581421, 1.3248664182955108, 0.906748660839197, 0.5102190678996027, 0.3212887437921465], "mae_aux": [0.24191616924769613, 0.2634420232765179, 0.25173956088805444, 0.24275753088594412, 0.24908251188348604], "mae_prof": [0.5142463043986584, 0.801155784735305, 0.7223711798426379, 0.524209214905876, 0.22473937635167612], "mse_main": [0.4068822571349502, 2.84014799419072, 1.2629111497239736, 0.3928498464308464, 0.20296680084011778], "mse_aux": [0.14351624828762877, 0.18500511411977083, 0.16306292862048544, 0.14421391184655577, 0.1555452830176445], "mse_prof": [0.6472781848532931, 0.9348607486306407, 0.8708832932101953, 0.6329032245862368, 0.23364174646388816], "mape_main": [0.7567810602205531, 1.9807270307980889, 1.3636410966706265, 0.7771641760904862, 0.5005432259268547], "mape_aux": [0.3790731045319158, 0.41435097851553765, 0.3954400111240512, 0.3802994213188927, 0.3903992223705101], "mape_prof": [0.49909805562332615, 0.7908086414367838, 0.710011665027161, 0.5106575508511164, 0.22004893453985164], "time_main": [316.7005195617676, 237.1718544960022, 242.72339057922363, 306.8988242149353, 556.0689029693604], "time_aux": [0.0010008811950683594, 0.002000570297241211, 0.0020101070404052734, 0.001996278762817383, 0.0010018348693847656], "time_prof": [3.1603396055469775e-06, 8.435108379501804e-06, 8.28147231961637e-06, 6.5046803874989675e-06, 1.8016380057130566e-06], "search_time_list": [0.31999707221984863, 0.32000207901000977, 0.3489997386932373, 0.4120206832885742, 0.4210317134857178], "mae_main_int": [0.33896209869874605, 1.2830546425498794], "mae_aux_int": [0.24200030541152093, 0.2622717770376715], "mae_prof_int": [0.2536900691563744, 0.7932773242460383], "mse_main_int": [0.22195510539919064, 2.682424309744045], "mse_aux_int": [0.14358601464352147, 0.18281089556984229], "mse_prof_int": [0.27356789427612305, 0.9284630030885962], "mape_main_int": [0.5261670093562246, 1.9190184373853425], "mape_aux_int": [0.3791957362106135, 0.412459881776389], "mape_prof_int": [0.24795384664819908, 0.7827289437958215], "time_main_int": [237.72700810432434, 532.132064628601], "time_aux_int": [0.0010009765625, 0.002009153366088867], "time_prof_int": [1.9375081656964487e-06, 8.419744773513261e-06], "search_time_list_int": [0.31999757289886477, 0.4201306104660034], "mae_main_int_mean": 0.8110083706243127, "mae_aux_int_mean": 0.2521360412245962, "mae_prof_int_mean": 0.5234836967012063, "mse_main_int_mean": 1.452189707571618, "mse_aux_int_mean": 0.16319845510668188, "mse_prof_int_mean": 0.6010154486823596, "mape_main_int_mean": 1.2225927233707836, "mape_aux_int_mean": 0.39582780899350123, "mape_prof_int_mean": 0.5153413952220103, "time_main_int_mean": 384.9295363664627, "time_aux_int_mean": 0.0015050649642944336, "time_prof_int_mean": 5.178626469604855e-06, "search_time_list_int_mean": 0.3700640916824341, "mae_main_int_err": 0.4720462719255667, "mae_aux_int_err": 0.010135735813075294, "mae_prof_int_err": 0.26979362754483194, "mse_main_int_err": 1.2302346021724273, "mse_aux_int_err": 0.019612440463160408, "mse_prof_int_err": 0.3274475544062366, "mape_main_int_err": 0.6964257140145589, "mape_aux_int_err": 0.016632072782887752, "mape_prof_int_err": 0.2673875485738112, "time_main_int_err": 147.20252826213834, "time_aux_int_err": 0.0005040884017944336, "time_prof_int_err": 3.241118303908406e-06, "search_time_list_int_err": 0.050066518783569325}