{"mae_main": [4.197384703135462, 2.782535411817912, 1.3489628066312163, 2.760100941320014, 3.0478847441025905], "mae_aux": [0.4355706315351861, 0.3919086541850712, 0.2497185073478879, 0.44008809824108275, 0.4163030602237824], "mae_prof": [0.8962280890741767, 0.8591541180318615, 0.8148811026365409, 0.8405536219155045, 0.8634124662918127], "mse_main": [22.957620429949756, 10.562673938773228, 2.694683934870249, 10.586695746189141, 12.823419338914341], "mse_aux": [1.36032264692764, 0.8647064182069434, 0.1740599451571086, 1.3414324360156962, 1.0920329598705827], "mse_prof": [0.94074635691977, 0.9181356517091002, 0.9354061740211139, 0.8732907350720297, 0.9148407354537127], "mape_main": [6.3310795317341535, 4.236818356764605, 2.027233944189678, 4.2410334349549474, 4.6304531907485424], "mape_aux": [0.7277673810884339, 0.6465044617162268, 0.3934027313035359, 0.7345119180746694, 0.6913581807714372], "mape_prof": [0.8850484538315238, 0.8474080294983611, 0.8059411285850454, 0.8268082698851743, 0.850693193022069], "time_main": [351.76853942871094, 407.1154930591583, 718.4156112670898, 412.0021970272064, 365.693564414978], "time_aux": [0.0019996166229248047, 0.0019969940185546875, 0.0020029544830322266, 0.002002239227294922, 0.0020041465759277344], "time_prof": [5.684466911601244e-06, 4.905227269905207e-06, 2.788016367711664e-06, 4.859778034539715e-06, 5.480398811868314e-06], "search_time_list": [0.4119687080383301, 0.40402674674987793, 0.4176807403564453, 0.30199170112609863, 0.48503708839416504], "mae_main_int": [1.4900766201000961, 4.082434707232175], "mae_aux_int": [0.2639375220316062, 0.4396363515704931], "mae_prof_int": [0.8174483545644373, 0.8929465267959403], "mse_main_int": [3.481482935260547, 21.944200320846214], "mse_aux_int": [0.24312459246209206, 1.3584336258364456], "mse_prof_int": [0.877445735110198, 0.9402123386299044], "mape_main_int": [2.2481923854471706, 6.161016897635593], "mape_aux_int": [0.418712904344805, 0.7338374643760459], "mape_prof_int": [0.8080278427150583, 0.8816129277505783], "time_main_int": [353.16104192733764, 687.7742698431015], "time_aux_int": [0.0019972562789916993, 0.0020040273666381836], "time_prof_int": [2.995192534394469e-06, 5.664060101627951e-06], "search_time_list_int": [0.3121952056884766, 0.47830145359039306], "mae_main_int_mean": 2.7862556636661355, "mae_aux_int_mean": 0.35178693680104967, "mae_prof_int_mean": 0.8551974406801888, "mse_main_int_mean": 12.712841628053381, "mse_aux_int_mean": 0.8007791091492689, "mse_prof_int_mean": 0.9088290368700511, "mape_main_int_mean": 4.204604641541382, "mape_aux_int_mean": 0.5762751843604255, "mape_prof_int_mean": 0.8448203852328183, "time_main_int_mean": 520.4676558852195, "time_aux_int_mean": 0.0020006418228149412, "time_prof_int_mean": 4.32962631801121e-06, "search_time_list_int_mean": 0.3952483296394348, "mae_main_int_err": 1.2961790435660396, "mae_aux_int_err": 0.08784941476944344, "mae_prof_int_err": 0.03774908611575151, "mse_main_int_err": 9.231358692792833, "mse_aux_int_err": 0.5576545166871767, "mse_prof_int_err": 0.03138330175985321, "mape_main_int_err": 1.956412256094211, "mape_aux_int_err": 0.15756228001562045, "mape_prof_int_err": 0.036792542517759985, "time_main_int_err": 167.30661395788192, "time_aux_int_err": 3.385543823242144e-06, "time_prof_int_err": 1.334433783616741e-06, "search_time_list_int_err": 0.08305312395095824}