{"mae_main": [0.3039467032558947, 0.3322435292435152, 0.4927232766027101, 0.3337198101306995, 0.3213140963550166], "mae_aux": [0.26533810244027856, 0.26921120824082, 0.27204472036472627, 0.2902213734952827, 0.26711738512859917], "mae_prof": [0.12702424603405318, 0.18971722683723405, 0.4478752409659756, 0.1303441848968477, 0.16867206213864971], "mse_main": [0.2289433800806818, 0.256366722948987, 0.4334040706474539, 0.26642499519677754, 0.22128976033821096], "mse_aux": [0.19040570052576627, 0.19389895791456335, 0.198672073501093, 0.21584700248446548, 0.17439988859726308], "mse_prof": [0.1683284292445341, 0.2436656533104484, 0.5416008132911612, 0.1898395181539026, 0.21189354477714273], "mape_main": [0.4741503782072991, 0.5161493117987298, 0.7615423593046933, 0.5181656735607915, 0.5009446723027752], "mape_aux": [0.4163824574905233, 0.4215445239262179, 0.4252238163323925, 0.4544538665307728, 0.41830437892670935], "mape_prof": [0.12183459799228427, 0.18328957476049615, 0.44162814958759194, 0.12295644092399333, 0.1649689036439484], "time_main": [8.022042036056519, 5.538038730621338, 4.38892674446106, 5.4329142570495605, 9.05787181854248], "time_aux": [0.0008111000061035156, 0.0008196830749511719, 0.0009520053863525391, 0.000820159912109375, 0.0008530616760253906], "time_prof": [0.00010110891995552754, 0.0001480096320776738, 0.0002169107487505903, 0.00015096132081325673, 9.41790404098099e-05], "search_time_list": [65.97117400169373, 49.902687788009644, 56.9892213344574, 64.48862648010254, 41.52957487106323], "mae_main_int": [0.3056834425658069, 0.476822929955509], "mae_aux_int": [0.2655160307091106, 0.28840370818222705], "mae_prof_int": [0.12735623992033263, 0.42205943955310143], "mse_main_int": [0.22205512231245805, 0.41670616310238623], "mse_aux_int": [0.17600046979011338, 0.21412950958612822], "mse_prof_int": [0.17047953813547095, 0.5118072972930898], "mape_main_int": [0.47682980761684673, 0.737204690730303], "mape_aux_int": [0.41657464963414187, 0.45153086151093474], "mape_prof_int": [0.12194678228545518, 0.41579429210488233], "time_main_int": [4.49332549571991, 8.954288840293884], "time_aux_int": [0.0008119583129882812, 0.0009421110153198242], "time_prof_int": [9.487202836438167e-05, 0.00021031580595685693], "search_time_list_int": [42.36688616275787, 65.8229192495346], "mae_main_int_mean": 0.39125318626065797, "mae_aux_int_mean": 0.27695986944566886, "mae_prof_int_mean": 0.27470783973671703, "mse_main_int_mean": 0.31938064270742217, "mse_aux_int_mean": 0.1950649896881208, "mse_prof_int_mean": 0.34114341771428036, "mape_main_int_mean": 0.6070172491735749, "mape_aux_int_mean": 0.4340527555725383, "mape_prof_int_mean": 0.26887053719516874, "time_main_int_mean": 6.723807168006897, "time_aux_int_mean": 0.0008770346641540528, "time_prof_int_mean": 0.00015259391716061928, "search_time_list_int_mean": 54.09490270614624, "mae_main_int_err": 0.08556974369485107, "mae_aux_int_err": 0.011443838736558215, "mae_prof_int_err": 0.1473515998163844, "mse_main_int_err": 0.09732552039496409, "mse_aux_int_err": 0.01906451989800742, "mse_prof_int_err": 0.17066387957880944, "mape_main_int_err": 0.13018744155672815, "mape_aux_int_err": 0.017478105938396438, "mape_prof_int_err": 0.14692375490971357, "time_main_int_err": 2.230481672286987, "time_aux_int_err": 6.50763511657715e-05, "time_prof_int_err": 5.772188879623763e-05, "search_time_list_int_err": 11.728016543388367}