{"mae_main": [0.43809994295400567, 1.0340183800387093, 1.0777929407786138, 0.4296744029237678, 1.8263812329800644], "mae_aux": [0.2674723486543226, 0.24604393403692917, 0.2709145582300853, 0.2520473662460248, 0.2598159731986], "mae_prof": [0.38947184779158156, 0.7620507151645425, 0.7486395132312031, 0.41339915868634447, 0.8577427491550248], "mse_main": [0.3716168709047001, 1.3429504004663984, 1.4861118205407735, 0.35757097044169767, 4.444228817363776], "mse_aux": [0.1800338077061774, 0.17171224686788947, 0.18381019269856005, 0.17654250485288944, 0.1836558104513641], "mse_prof": [0.5155391969479597, 0.872138057512582, 0.8763146957328727, 0.5062728256860133, 0.9586754377421313], "mape_main": [0.679880893007097, 1.5645895856879515, 1.6451113862314897, 0.6730313045816494, 2.8258418579910716], "mape_aux": [0.4192633850808196, 0.3887200811518894, 0.42540156172676996, 0.3952504519911545, 0.407443155024032], "mape_prof": [0.3833281838140389, 0.7515514070222008, 0.7414147362378598, 0.41273095426543516, 0.8558153019526404], "time_main": [73.47244024276733, 86.40174221992493, 75.77209377288818, 91.48661375045776, 64.87413549423218], "time_aux": [0.0009152889251708984, 0.0008687973022460938, 0.0009756088256835938, 0.0010838508605957031, 0.001066446304321289], "time_prof": [1.2457581674796762e-05, 1.0055321570191002e-05, 1.2875569053268973e-05, 1.184709780112809e-05, 1.643869773672906e-05], "search_time_list": [75.75244808197021, 76.632648229599, 65.95420861244202, 64.98073315620422, 114.94853591918945], "mae_main_int": [0.4305169569267916, 1.7515224037599193], "mae_aux_int": [0.24664427725783875, 0.27057033727250906], "mae_prof_int": [0.39186457888105786, 0.8481735457559766], "mse_main_int": [0.3589755604879979, 4.1484171176814755], "mse_aux_int": [0.17219527266638945, 0.18379475447384044], "mse_prof_int": [0.507199462812208, 0.9504393635412054], "mape_main_int": [0.6737162634241941, 2.7077688108151134], "mape_aux_int": [0.3893731182358159, 0.4247877440621749], "mape_prof_int": [0.3862684608591785, 0.8453889124595965], "time_main_int": [65.73396596908569, 90.97812659740448], "time_aux_int": [0.0008734464645385742, 0.0010821104049682617], "time_prof_int": [1.0234499193284711e-05, 1.6082384868383053e-05], "search_time_list_int": [65.078080701828, 111.1169471502304], "mae_main_int_mean": 1.0910196803433554, "mae_aux_int_mean": 0.2586073072651739, "mae_prof_int_mean": 0.6200190623185172, "mse_main_int_mean": 2.253696339084737, "mse_aux_int_mean": 0.17799501357011493, "mse_prof_int_mean": 0.7288194131767067, "mape_main_int_mean": 1.6907425371196538, "mape_aux_int_mean": 0.4070804311489954, "mape_prof_int_mean": 0.6158286866593875, "time_main_int_mean": 78.35604628324509, "time_aux_int_mean": 0.000977778434753418, "time_prof_int_mean": 1.3158442030833882e-05, "search_time_list_int_mean": 88.0975139260292, "mae_main_int_err": 0.6605027234165639, "mae_aux_int_err": 0.01196303000733516, "mae_prof_int_err": 0.22815448343745937, "mse_main_int_err": 1.8947207785967388, "mse_aux_int_err": 0.005799740903725495, "mse_prof_int_err": 0.22161995036449872, "mape_main_int_err": 1.0170262736954596, "mape_aux_int_err": 0.017707312913179507, "mape_prof_int_err": 0.229560225800209, "time_main_int_err": 12.622080314159398, "time_aux_int_err": 0.00010433197021484373, "time_prof_int_err": 2.9239428375491708e-06, "search_time_list_int_err": 23.0194332242012}