{"mae_main": [0.3486740648382975, 0.32362163878877215, 0.3127257217340521, 0.321123070213976, 0.32519708880065057], "mae_aux": [0.24344856217900696, 0.23929025599878806, 0.2426845283800292, 0.2442883174578529, 0.24386339347858363], "mae_prof": [0.3017875812131033, 0.26058635357516124, 0.22397004303210868, 0.23926886568730585, 0.2501058531059772], "mse_main": [0.2207135039039419, 0.2031560319241569, 0.1958172281939236, 0.20114762691063695, 0.20429297933244417], "mse_aux": [0.16038366797167516, 0.1546677959941029, 0.15763295870338892, 0.1540162056289184, 0.16050331669121312], "mse_prof": [0.27334003069664126, 0.2386748523822115, 0.19499954035055422, 0.2343125892440055, 0.2143473690790544], "mape_main": [0.539524638226362, 0.501674076855718, 0.48513726612688807, 0.4976221656416009, 0.5036279703632593], "mape_aux": [0.3823576379594277, 0.37541201790844403, 0.3808853757718426, 0.38333166918306305, 0.3831547060380383], "mape_prof": [0.2913064374290792, 0.2516814497145864, 0.21489153201390693, 0.22967324277281595, 0.23921082905368712], "time_main": [0.009264945983886719, 0.004941701889038086, 0.0058040618896484375, 0.005934000015258789, 0.005912303924560547], "time_aux": [0.0010037422180175781, 0.0007908344268798828, 0.0008099079132080078, 0.0010530948638916016, 0.0008363723754882812], "time_prof": [0.1083376222336593, 0.16003280744922083, 0.13954157081827145, 0.17746795773233154, 0.141463021211388], "search_time_list": [42.31900715827942, 48.8035945892334, 43.021748304367065, 61.498119831085205, 54.02483510971069], "mae_main_int": [0.3135654565820445, 0.3463263672345328], "mae_aux_int": [0.23962968323691217, 0.24424582505992598], "mae_prof_int": [0.2254999252976284, 0.2976674584493091], "mse_main_int": [0.19635026806559494, 0.21907145144679213], "mse_aux_int": [0.15408136466543687, 0.16049135181925933], "mse_prof_int": [0.19693432322340423, 0.2698735128651983], "mape_main_int": [0.4863857560783593, 0.5359349714400518], "mape_aux_int": [0.3759593536947839, 0.38331397286856056], "mape_prof_int": [0.21636970308979783, 0.2873439386576299], "time_main_int": [0.005027937889099121, 0.008931851387023926], "time_aux_int": [0.0007927417755126953, 0.0010481595993041993], "time_prof_int": [0.11145801709212051, 0.17572444270402046], "search_time_list_int": [42.389281272888184, 60.75079135894775], "mae_main_int_mean": 0.32994591190828865, "mae_aux_int_mean": 0.24193775414841906, "mae_prof_int_mean": 0.26158369187346875, "mse_main_int_mean": 0.20771085975619352, "mse_aux_int_mean": 0.1572863582423481, "mse_prof_int_mean": 0.23340391804430127, "mape_main_int_mean": 0.5111603637592055, "mape_aux_int_mean": 0.3796366632816722, "mape_prof_int_mean": 0.25185682087371386, "time_main_int_mean": 0.006979894638061524, "time_aux_int_mean": 0.0009204506874084473, "time_prof_int_mean": 0.1435912298980705, "search_time_list_int_mean": 51.57003631591797, "mae_main_int_err": 0.01638045532624416, "mae_aux_int_err": 0.002308070911506907, "mae_prof_int_err": 0.03608376657584034, "mse_main_int_err": 0.011360591690598595, "mse_aux_int_err": 0.0032049935769112303, "mse_prof_int_err": 0.036469594820897025, "mape_main_int_err": 0.024774607680846217, "mape_aux_int_err": 0.003677309586888333, "mape_prof_int_err": 0.03548711778391604, "time_main_int_err": 0.0019519567489624024, "time_aux_int_err": 0.00012770891189575197, "time_prof_int_err": 0.032133212805949975, "search_time_list_int_err": 9.180755043029784}