{"mae_main": [0.41309824188869215, 0.8607689399780468, 0.4463092396441232, 0.45978849724432025, 0.3142990905565699], "mae_aux": [0.23826448936523645, 0.2389258827099255, 0.23603614623288044, 0.22890288405458606, 0.23522326937644467], "mae_prof": [0.4232256030045367, 0.7224273883348775, 0.4711376658455687, 0.502156131729079, 0.2515941775081038], "mse_main": [0.3011598291253843, 1.1516347201386306, 0.3393614540173724, 0.3456346230361195, 0.19824531676449625], "mse_aux": [0.14349612189240363, 0.1519349636381454, 0.14720659520540028, 0.14660765036301596, 0.14789952592643302], "mse_prof": [0.5235217050390186, 0.8680701779989267, 0.5662247628221662, 0.5758305430307104, 0.2539570248606229], "mape_main": [0.632187319576311, 1.292195226123418, 0.6800057325072063, 0.699946154349193, 0.4875602448776805], "mape_aux": [0.3740494945201988, 0.37445776716503465, 0.37068168388811007, 0.3600587680579929, 0.36912886416821095], "mape_prof": [0.40832490159580387, 0.7102157943359635, 0.45488447204497384, 0.485590761773991, 0.24290614740170566], "time_main": [129.68206095695496, 103.00206017494202, 136.3388237953186, 129.0920765399933, 184.42127203941345], "time_aux": [0.0009222030639648438, 0.0008914470672607422, 0.0010952949523925781, 0.0011715888977050781, 0.0012059211730957031], "time_prof": [7.111261628321502e-06, 8.654652787979966e-06, 8.03362477321142e-06, 9.075606567860227e-06, 6.5389483531920365e-06], "search_time_list": [117.39841318130493, 109.67446422576904, 46.9720299243927, 73.95382714271545, 46.87428259849548], "mae_main_int": [0.32417900568978214, 0.8206708957046741], "mae_aux_int": [0.2295349225867719, 0.2388597433754566], "mae_prof_int": [0.2687573200577471, 0.7004002626742977], "mse_main_int": [0.20853676800058504, 1.0710347104283793], "mse_aux_int": [0.14380727473946486, 0.15153141986697416], "mse_prof_int": [0.28091349287846246, 0.8388462145021051], "mape_main_int": [0.5020229523475436, 1.2329703189459955], "mape_aux_int": [0.3609657776690147, 0.3744169399005511], "mape_prof_int": [0.25944802282111545, 0.6877532910797662], "time_main_int": [105.61106181144714, 179.61302721500397], "time_aux_int": [0.0008945226669311524, 0.0012024879455566407], "time_prof_int": [6.596179680704983e-06, 9.0335111898722e-06], "search_time_list_int": [46.8840573310852, 116.62601828575134], "mae_main_int_mean": 0.5724249506972281, "mae_aux_int_mean": 0.23419733298111425, "mae_prof_int_mean": 0.4845787913660224, "mse_main_int_mean": 0.6397857392144821, "mse_aux_int_mean": 0.1476693473032195, "mse_prof_int_mean": 0.5598798536902838, "mape_main_int_mean": 0.8674966356467695, "mape_aux_int_mean": 0.3676913587847829, "mape_prof_int_mean": 0.47360065695044085, "time_main_int_mean": 142.61204451322556, "time_aux_int_mean": 0.0010485053062438965, "time_prof_int_mean": 7.814845435288592e-06, "search_time_list_int_mean": 81.75503780841828, "mae_main_int_err": 0.24824594500744598, "mae_aux_int_err": 0.004662410394342342, "mae_prof_int_err": 0.21582147130827528, "mse_main_int_err": 0.4312489712138971, "mse_aux_int_err": 0.0038620725637546482, "mse_prof_int_err": 0.2789663608118213, "mape_main_int_err": 0.36547368329922597, "mape_aux_int_err": 0.006725581115768181, "mape_prof_int_err": 0.2141526341293254, "time_main_int_err": 37.00098270177841, "time_aux_int_err": 0.00015398263931274417, "time_prof_int_err": 1.218665754583609e-06, "search_time_list_int_err": 34.87098047733307}