{"mae_main": [0.27140448264515976, 0.27293420206099944, 0.2655906006395131, 0.290090392057878, 0.2774241596981097], "mae_aux": [0.23930566672392306, 0.23967844222724324, 0.23787665001714806, 0.23598940556220147, 0.23803263103391856], "mae_prof": [0.11826929168006191, 0.1218453370176146, 0.10434838640988386, 0.1864969953395853, 0.14199026035460147], "mse_main": [0.17095126132668573, 0.17183029383201198, 0.16823495125126106, 0.1834030251733977, 0.17458229148986742], "mse_aux": [0.1514879897199237, 0.1524265326597171, 0.15044945659509404, 0.14840671838687208, 0.15221022784974997], "mse_prof": [0.11385275227404122, 0.11292398295765453, 0.1057181906844325, 0.1908164096717516, 0.12814623664975727], "mape_main": [0.42321794278173874, 0.4251870015115147, 0.4147969423142067, 0.45059018612327195, 0.4319130474288978], "mape_aux": [0.3758771095631374, 0.3765595410674002, 0.3739327815544616, 0.37110360483374283, 0.37405920135582676], "mape_prof": [0.11185923003981867, 0.11436723199732525, 0.09851606073024215, 0.17640548715320506, 0.1339479008968698], "time_main": [4.651101112365723, 5.964901447296143, 4.512595176696777, 4.572357177734375, 4.914875745773315], "time_aux": [0.0008649826049804688, 0.0009319782257080078, 0.0011425018310546875, 0.0009694099426269531, 0.0008924007415771484], "time_prof": [0.00018597372623888335, 0.00015624369219552966, 0.0002531806613087327, 0.00021201535771256182, 0.00018157137387340736], "search_time_list": [64.99457502365112, 72.42557263374329, 47.55145525932312, 64.43195343017578, 47.55309748649597], "mae_main_int": [0.26617198884007776, 0.2888237688219012], "mae_aux_int": [0.23617813000769614, 0.2396411646769112], "mae_prof_int": [0.10574047693690167, 0.1820463218410869], "mse_main_int": [0.16850658225880352, 0.18252095180504468], "mse_aux_int": [0.14861099220769428, 0.15240490217872038], "mse_prof_int": [0.1064387699117547, 0.18454939236955215], "mape_main_int": [0.41563904236095994, 0.44872247225383455], "mape_aux_int": [0.3713865225058147, 0.3764912979169739], "mape_prof_int": [0.0998503776611998, 0.17215972852757153], "time_main_int": [4.518571376800537, 5.85989887714386], "time_aux_int": [0.0008677244186401367, 0.001125192642211914], "time_prof_int": [0.0001587764603633174, 0.0002490641309491156], "search_time_list_int": [47.55161948204041, 71.68247287273407], "mae_main_int_mean": 0.2774978788309895, "mae_aux_int_mean": 0.2379096473423037, "mae_prof_int_mean": 0.1438933993889943, "mse_main_int_mean": 0.17551376703192412, "mse_aux_int_mean": 0.15050794719320731, "mse_prof_int_mean": 0.14549408114065343, "mape_main_int_mean": 0.43218075730739725, "mape_aux_int_mean": 0.3739389102113943, "mape_prof_int_mean": 0.13600505309438565, "time_main_int_mean": 5.189235126972198, "time_aux_int_mean": 0.0009964585304260253, "time_prof_int_mean": 0.0002039202956562165, "search_time_list_int_mean": 59.61704617738724, "mae_main_int_err": 0.01132588999091172, "mae_aux_int_err": 0.001731517334607538, "mae_prof_int_err": 0.03815292245209262, "mse_main_int_err": 0.007007184773120581, "mse_aux_int_err": 0.0018969549855130524, "mse_prof_int_err": 0.03905531122889872, "mape_main_int_err": 0.016541714946437303, "mape_aux_int_err": 0.002552387705579584, "mape_prof_int_err": 0.036154675433185866, "time_main_int_err": 0.6706637501716615, "time_aux_int_err": 0.00012873411178588863, "time_prof_int_err": 4.5143835292899096e-05, "search_time_list_int_err": 12.06542669534683}