{"mae_main": [8.605207643983402, 8.284446756979232, 8.39567153492912, 8.479006729751337, 8.602515424516698], "mae_aux": [6.2694948497790985, 6.024990191024272, 5.933330783687654, 6.058906614585001, 6.0155069433058985], "mae_prof": [0.27143014914200114, 0.27273475613220416, 0.29328693255771277, 0.2854225963372139, 0.30072697967363904], "mse_main": [185.45447152089386, 171.31600881201592, 180.8491242342638, 181.1000848857158, 183.57976149232115], "mse_aux": [85.50986586788633, 80.06364644552318, 79.01641178006643, 82.20336925539875, 82.63462609953251], "mse_prof": [0.5389172061119457, 0.5326551966700522, 0.5630810372202182, 0.5460887315029497, 0.5498707187121551], "mape_main": [3.3226399319714264, 3.240859152789404, 3.0206466192861825, 3.1483387259329176, 3.230668178719435], "mape_aux": [2.503679603462628, 2.4467702487943286, 2.250653345793063, 2.3790089136910777, 2.391861030604572], "mape_prof": [0.24647880759769347, 0.24502419468356226, 0.25491008070155485, 0.24436055939751897, 0.259638904929985], "time_main": [52.903881549835205, 52.828027963638306, 87.57271146774292, 50.95256423950195, 86.47033500671387], "time_aux": [0.0008139610290527344, 0.0007739067077636719, 0.0010046958923339844, 0.0009982585906982422, 0.0010204315185546875], "time_prof": [1.5385658012370736e-05, 1.464954755260511e-05, 1.1472705086950063e-05, 1.9591920555871124e-05, 1.1800943276968425e-05], "search_time_list": [1.1549959182739258, 1.1867072582244873, 1.618506669998169, 1.1208586692810059, 1.6034903526306152], "mae_main_int": [8.29556923477422, 8.604938422036732], "mae_aux_int": [5.941548399649479, 6.2484360262596885], "mae_prof_int": [0.2715606098410214, 0.2999829749620464], "mse_main_int": [172.2693203542407, 185.26700051803658], "mse_aux_int": [79.12113524661211, 85.22234189105095], "mse_prof_int": [0.5332813976142415, 0.5617600053694118], "mape_main_int": [3.0334158299508562, 3.3144618540532242], "mape_aux_int": [2.263488902582864, 2.497988667995798], "mape_prof_int": [0.2444269229261233, 0.259166022507142], "time_main_int": [51.14011061191559, 87.46247382164002], "time_aux_int": [0.0007779121398925782, 0.001018857955932617], "time_prof_int": [1.1505528905951899e-05, 1.9171294301521084e-05], "search_time_list_int": [1.124272394180298, 1.6170050382614136], "mae_main_int_mean": 8.450253828405476, "mae_aux_int_mean": 6.094992212954583, "mae_prof_int_mean": 0.28577179240153394, "mse_main_int_mean": 178.76816043613866, "mse_aux_int_mean": 82.17173856883153, "mse_prof_int_mean": 0.5475207014918266, "mape_main_int_mean": 3.1739388420020402, "mape_aux_int_mean": 2.3807387852893314, "mape_prof_int_mean": 0.25179647271663264, "time_main_int_mean": 69.3012922167778, "time_aux_int_mean": 0.0008983850479125976, "time_prof_int_mean": 1.533841160373649e-05, "search_time_list_int_mean": 1.3706387162208558, "mae_main_int_err": 0.15468459363125575, "mae_aux_int_err": 0.15344381330510481, "mae_prof_int_err": 0.014211182560512486, "mse_main_int_err": 6.498840081897939, "mse_aux_int_err": 3.050603322219416, "mse_prof_int_err": 0.014239303877585152, "mape_main_int_err": 0.140523012051184, "mape_aux_int_err": 0.11724988270646697, "mape_prof_int_err": 0.0073695497905093416, "time_main_int_err": 18.161181604862215, "time_aux_int_err": 0.00012047290802001947, "time_prof_int_err": 3.832882697784593e-06, "search_time_list_int_err": 0.24636632204055786}