{"mae_main": [6.014483707338295, 6.71765860979529, 7.180682079127577, 7.90149505438049, 6.765636453474763], "mae_aux": [4.759290965024469, 4.939188177385562, 5.1541322030656325, 5.836015368810768, 5.176118109714271], "mae_prof": [0.20869501080905084, 0.26474558111906255, 0.2822224760448052, 0.2614036547962712, 0.23493995793169337], "mse_main": [111.00587261275776, 135.33385305964657, 139.66350601362598, 158.17782976716373, 123.38541466176564], "mse_aux": [60.109557860114066, 62.3966364430538, 65.50183090155889, 77.35318782952176, 65.84217824467802], "mse_prof": [0.45850110047956366, 0.5389428806438155, 0.5310025305023609, 0.5109732638045109, 0.4663698426173784], "mape_main": [1.9900743130948466, 2.375122384280846, 2.4000063869279544, 2.859996810856865, 2.414423511992333], "mape_aux": [1.6365739504121235, 1.753011959619038, 1.8095509577173665, 2.184421044003009, 1.9269763808280196], "mape_prof": [0.17763173985848807, 0.26192773424186067, 0.24602244078457644, 0.23621556649619163, 0.2018896555402089], "time_main": [2130.1692004203796, 1770.041833639145, 2222.3312594890594, 1757.9461851119995, 2193.2621743679047], "time_aux": [0.0010149478912353516, 0.001001119613647461, 0.0020012855529785156, 0.0010020732879638672, 0.0010006427764892578], "time_prof": [4.764635086429078e-07, 5.655909338533505e-07, 9.005343125302729e-07, 5.700250078474528e-07, 4.5623491262627634e-07], "search_time_list": [0.7079987525939941, 0.6170341968536377, 0.7277545928955078, 0.598029375076294, 0.6539938449859619], "mae_main_int": [6.084801197583994, 7.829413756855199], "mae_aux_int": [4.777280686260578, 5.7700256429011185], "mae_prof_int": [0.2113195055213151, 0.28047478655223096], "mse_main_int": [112.24382681765854, 156.32639739180996], "mse_aux_int": [60.33826571840804, 76.20208687103738], "mse_prof_int": [0.45928797469334515, 0.53814884562967], "mape_main_int": [2.0285791202134464, 2.815439480970412], "mape_aux_int": [1.648217751332815, 2.1586765776855104], "mape_prof_int": [0.18005753142666014, 0.26033720489613227], "time_main_int": [1759.155749964714, 2219.424350976944], "time_aux_int": [0.001000690460205078, 0.001902651786804199], "time_prof_int": [4.5825777222793947e-07, 8.674833820619908e-07], "search_time_list_int": [0.5999298572540284, 0.7257790088653564], "mae_main_int_mean": 6.957107477219596, "mae_aux_int_mean": 5.273653164580848, "mae_prof_int_mean": 0.24589714603677304, "mse_main_int_mean": 134.28511210473425, "mse_aux_int_mean": 68.27017629472272, "mse_prof_int_mean": 0.4987184101615076, "mape_main_int_mean": 2.422009300591929, "mape_aux_int_mean": 1.9034471645091626, "mape_prof_int_mean": 0.2201973681613962, "time_main_int_mean": 1989.290050470829, "time_aux_int_mean": 0.0014516711235046387, "time_prof_int_mean": 6.628705771449652e-07, "search_time_list_int_mean": 0.6628544330596924, "mae_main_int_err": 0.8723062796356023, "mae_aux_int_err": 0.4963724783202701, "mae_prof_int_err": 0.03457764051545793, "mse_main_int_err": 22.04128528707571, "mse_aux_int_err": 7.931910576314671, "mse_prof_int_err": 0.03943043546816244, "mape_main_int_err": 0.39343018037848276, "mape_aux_int_err": 0.25522941317634773, "mape_prof_int_err": 0.04013983673473606, "time_main_int_err": 230.13430050611498, "time_aux_int_err": 0.0004509806632995605, "time_prof_int_err": 2.0461280491702565e-07, "search_time_list_int_err": 0.06292457580566402}