{"mae_main": [8.413720536583952, 9.229502616390105, 9.337338207196902, 9.417970291312892, 8.508951864271223], "mae_aux": [6.552724253486062, 6.759727688158973, 7.035179174422175, 6.920252113279715, 6.595277295734231], "mae_prof": [0.22118589213963502, 0.26759566911495436, 0.24655410157471877, 0.2652076934599237, 0.22490132733885138], "mse_main": [140.35406099405282, 161.60683179880883, 163.95015524374645, 168.14648994172987, 142.68816969493645], "mse_aux": [88.93724880871292, 94.9999441613513, 101.3098076989655, 102.0376759499878, 90.39530829889375], "mse_prof": [0.3663364766304736, 0.4121539101786196, 0.3820694616095537, 0.3931620220835515, 0.3664835109164513], "mape_main": [3.687629427124077, 4.245850427692962, 4.233567397829478, 4.278606381502064, 3.8164279837297332], "mape_aux": [2.9267340094461454, 2.965204142702987, 3.0606271593279777, 3.017937478565633, 2.958913231778598], "mape_prof": [0.20633727784067002, 0.30162303331204027, 0.27705717856360546, 0.29464474890393055, 0.224690405690061], "time_main": [14.579346895217896, 10.160808563232422, 10.37190294265747, 7.622991323471069, 20.863935708999634], "time_aux": [0.0009980201721191406, 0.0012311935424804688, 0.0008420944213867188, 0.0010271072387695312, 0.0008978843688964844], "time_prof": [6.84543813445098e-05, 0.00012117082364248319, 8.118996350451375e-05, 0.0001347380831468461, 4.303523464698863e-05], "search_time_list": [1.1891827583312988, 1.0954749584197998, 1.1056394577026367, 1.0863161087036133, 1.1281092166900635], "mae_main_int": [8.42324366935268, 9.409907082901293], "mae_aux_int": [6.5569795577108785, 7.023686468307929], "mae_prof_int": [0.22155743565955666, 0.2673568715494513], "mse_main_int": [140.58747186414118, 167.7268564719315], "mse_aux_int": [89.083054757731, 101.96488912488557], "mse_prof_int": [0.36635118005907136, 0.4102547213691128], "mape_main_int": [3.7005092827846426, 4.275330786121153], "mape_aux_int": [2.9299519316793905, 3.0563581912517432], "mape_prof_int": [0.2081725906256091, 0.3009252048712293], "time_main_int": [7.876773047447204, 20.235476827621458], "time_aux_int": [0.0008476734161376953, 0.001210784912109375], "time_prof_int": [4.557714931674075e-05, 0.0001333813571964098], "search_time_list_int": [1.087231993675232, 1.1830754041671754], "mae_main_int_mean": 8.916575376126985, "mae_aux_int_mean": 6.790333013009404, "mae_prof_int_mean": 0.24445715360450399, "mse_main_int_mean": 154.15716416803633, "mse_aux_int_mean": 95.52397194130829, "mse_prof_int_mean": 0.38830295071409204, "mape_main_int_mean": 3.987920034452898, "mape_aux_int_mean": 2.9931550614655666, "mape_prof_int_mean": 0.2545488977484192, "time_main_int_mean": 14.056124937534332, "time_aux_int_mean": 0.001029229164123535, "time_prof_int_mean": 8.947925325657527e-05, "search_time_list_int_mean": 1.1351536989212037, "mae_main_int_err": 0.49333170677430704, "mae_aux_int_err": 0.23335345529852525, "mae_prof_int_err": 0.02289971794494733, "mse_main_int_err": 13.569692303895167, "mse_aux_int_err": 6.440917183577284, "mse_prof_int_err": 0.021951770655020714, "mape_main_int_err": 0.28741075166825536, "mape_aux_int_err": 0.06320312978617637, "mape_prof_int_err": 0.0463763071228101, "time_main_int_err": 6.179351890087126, "time_aux_int_err": 0.0001815557479858398, "time_prof_int_err": 4.390210393983453e-05, "search_time_list_int_err": 0.047921705245971724}