{"mae_main": [8.443083497720576, 7.063469084316814, 7.205980891670406, 7.646838175135926, 6.7616877179225305], "mae_aux": [5.7691025762625765, 5.606092632892289, 5.5096934304464185, 5.700320608828354, 5.3552307122129665], "mae_prof": [0.3167066773862781, 0.20632587670842537, 0.23539993884590696, 0.2545519496720581, 0.20800383933461003], "mse_main": [176.65629127356183, 124.17767337994593, 135.13909457889167, 150.35796897847663, 113.45410941376865], "mse_aux": [73.33221731926551, 76.03782151289933, 74.71773910384259, 75.76462999062214, 69.54693092482354], "mse_prof": [0.5848875984512399, 0.3876691401662301, 0.44710493039285704, 0.49610499193782237, 0.3870038618770083], "mape_main": [3.013323195787555, 2.447710028505983, 2.5568695716450605, 2.815413827350428, 2.373104021169341], "mape_aux": [2.1892673544251022, 1.974574999498748, 2.033965452123412, 2.171180136066496, 1.92382910887807], "mape_prof": [0.273470778877763, 0.1932970096527423, 0.2045095007271795, 0.22882380026179572, 0.1893195191965888], "time_main": [2923.341612815857, 3035.2779307365417, 3098.7922224998474, 2611.698369026184, 3903.8421993255615], "time_aux": [0.0010027885437011719, 0.0010008811950683594, 0.0010023117065429688, 0.0010023117065429688, 0.0010001659393310547], "time_prof": [3.4302817683194186e-07, 3.297494390655307e-07, 3.2345237582092134e-07, 3.8377774341402894e-07, 2.562004016207023e-07], "search_time_list": [0.6708526611328125, 0.8220012187957764, 0.6600265502929688, 0.6239960193634033, 0.6550428867340088], "mae_main_int": [6.791865854561959, 8.36345896546211], "mae_aux_int": [5.3706769840363116, 5.762224379519155], "mae_prof_int": [0.20649367297104382, 0.31049120461485613], "mse_main_int": [114.52646581038638, 174.02645904405333], "mse_aux_int": [69.92545956426774, 76.01050236067161], "mse_prof_int": [0.3870703897059305, 0.5760093377998982], "mape_main_int": [2.380564621903005, 2.993532258943842], "mape_aux_int": [1.9289036979401377, 2.187458632589242], "mape_prof_int": [0.18971726824220414, 0.26900608101616624], "time_main_int": [2642.8626934051513, 3823.33720164299], "time_aux_int": [0.0010002374649047852, 0.0010027408599853516], "time_prof_int": [2.629255990407242e-07, 3.7970278675582024e-07], "search_time_list_int": [0.6271007061004639, 0.8068863630294799], "mae_main_int_mean": 7.577662410012034, "mae_aux_int_mean": 5.566450681777733, "mae_prof_int_mean": 0.25849243879295, "mse_main_int_mean": 144.27646242721985, "mse_aux_int_mean": 72.96798096246968, "mse_prof_int_mean": 0.48153986375291435, "mape_main_int_mean": 2.687048440423424, "mape_aux_int_mean": 2.0581811652646897, "mape_prof_int_mean": 0.2293616746291852, "time_main_int_mean": 3233.0999475240706, "time_aux_int_mean": 0.0010014891624450684, "time_prof_int_mean": 3.213141928982722e-07, "search_time_list_int_mean": 0.7169935345649718, "mae_main_int_err": 0.7857965554500757, "mae_aux_int_err": 0.1957736977414215, "mae_prof_int_err": 0.05199876582190616, "mse_main_int_err": 29.74999661683347, "mse_aux_int_err": 3.0425213982019343, "mse_prof_int_err": 0.09446947404698383, "mape_main_int_err": 0.3064838185204184, "mape_aux_int_err": 0.12927746732455203, "mape_prof_int_err": 0.03964440638698105, "time_main_int_err": 590.2372541189193, "time_aux_int_err": 1.2516975402832031e-06, "time_prof_int_err": 5.838859385754803e-08, "search_time_list_int_err": 0.08989282846450802}