{"mae_main": [9.05205571467409, 9.066710740384998, 9.0709695772046, 9.055505156789152, 9.054962986174159], "mae_aux": [6.673336572725302, 6.752552709332541, 6.688659036856323, 6.686983477972877, 6.7348762389170735], "mae_prof": [0.26278220295227506, 0.25523677740646566, 0.2626301984668803, 0.26155599691095444, 0.2562226649407158], "mse_main": [153.563937117462, 153.44146285134812, 153.44506553337925, 153.39055840506828, 153.47823460571087], "mse_aux": [90.92804009664805, 93.47945208835887, 91.3760316360971, 91.41843016353258, 93.32305544029133], "mse_prof": [0.4078815521179518, 0.3907810160874156, 0.40450329035690064, 0.40401527242558133, 0.3919459936450246], "mape_main": [4.179205696032927, 4.199866836768144, 4.213631538202445, 4.186273434426745, 4.1711250915881894], "mape_aux": [2.8799570196413193, 2.896955501780767, 2.873085416632168, 2.8489155817196576, 2.875624521225272], "mape_prof": [0.31088411791381976, 0.31022682042699845, 0.3181450749588228, 0.3194626136240957, 0.31058780111282763], "time_main": [1.1817562580108643, 0.01599860191345215, 0.01700305938720703, 0.0169985294342041, 0.016000032424926758], "time_aux": [0.0020051002502441406, 0.001001119613647461, 0.001001119613647461, 0.00099945068359375, 0.0009999275207519531], "time_prof": [0.001696712191411731, 0.06257544372084706, 0.05887879297773291, 0.0587963027897387, 0.0624953433965638], "search_time_list": [0.5970337390899658, 0.5880331993103027, 0.584033727645874, 0.5870392322540283, 0.5870330333709717], "mae_main_int": [9.052346441824097, 9.070543693522641], "mae_aux_int": [6.674701263250059, 6.750785062290994], "mae_prof_int": [0.25533536615989066, 0.2627670025037356], "mse_main_int": [153.39564884969627, 153.55536686628687], "mse_aux_int": [90.97283925059295, 93.46381242355211], "mse_prof_int": [0.3908975138431765, 0.4075437259418467], "mape_main_int": [4.171933152032663, 4.212255068059014], "mape_aux_int": [2.8513325652109085, 2.895255653566822], "mape_prof_int": [0.31026291849558135, 0.3193308597575684], "time_main_int": [0.01599874496459961, 1.0652809381484984], "time_aux_int": [0.0009994983673095703, 0.0019047021865844726], "time_prof_int": [0.007406671251244428, 0.06256743368841873], "search_time_list_int": [0.5843336582183838, 0.5961336851119995], "mae_main_int_mean": 9.061445067673368, "mae_aux_int_mean": 6.7127431627705265, "mae_prof_int_mean": 0.2590511843318131, "mse_main_int_mean": 153.47550785799157, "mse_aux_int_mean": 92.21832583707254, "mse_prof_int_mean": 0.39922061989251156, "mape_main_int_mean": 4.192094110045838, "mape_aux_int_mean": 2.8732941093888655, "mape_prof_int_mean": 0.3147968891265749, "time_main_int_mean": 0.540639841556549, "time_aux_int_mean": 0.0014521002769470213, "time_prof_int_mean": 0.03498705246983158, "search_time_list_int_mean": 0.5902336716651917, "mae_main_int_err": 0.00909862584927179, "mae_aux_int_err": 0.03804189952046766, "mae_prof_int_err": 0.003715818171922458, "mse_main_int_err": 0.07985900829530124, "mse_aux_int_err": 1.2454865864795792, "mse_prof_int_err": 0.008323106049335088, "mape_main_int_err": 0.020160958013175634, "mape_aux_int_err": 0.021961544177956815, "mape_prof_int_err": 0.0045339706309935335, "time_main_int_err": 0.5246410965919495, "time_aux_int_err": 0.00045260190963745115, "time_prof_int_err": 0.02758038121858715, "search_time_list_int_err": 0.00590001344680785}