{"mae_main": [7.49154103913246, 7.1281285455410694, 7.306279834454517, 7.2277342287299735, 7.487586349045262], "mae_aux": [5.736911279772696, 5.512387120052398, 5.729068732658914, 5.709045779219609, 5.727147073425143], "mae_prof": [0.2342147964209717, 0.2266711963968976, 0.21587061234061766, 0.21011957571345585, 0.23511438714086977], "mse_main": [136.9250212655635, 125.11778291364844, 130.58348734395773, 125.40911042478497, 141.11015957923843], "mse_aux": [76.5772636036047, 72.76766728667927, 78.64914904665015, 76.00747476048812, 75.6401772199669], "mse_prof": [0.4407357917799074, 0.4184066757568686, 0.3977098433626007, 0.3939238185883301, 0.46396363347961334], "mape_main": [2.7790163972075748, 2.713346709056864, 2.647375320084472, 2.6696194630502657, 2.808897884327903], "mape_aux": [2.233034667382687, 2.2147190835957544, 2.1387467053942064, 2.187132506756569, 2.2443720794687185], "mape_prof": [0.196465818040334, 0.18376848922282704, 0.19212561620240398, 0.18073248377595164, 0.20097768879706387], "time_main": [1892.8230047225952, 2230.2008497714996, 2235.5839331150055, 2246.1776435375214, 1946.4575819969177], "time_aux": [0.002000093460083008, 0.0009996891021728516, 0.000997781753540039, 0.000997781753540039, 0.0009958744049072266], "time_prof": [1.0566722060608798e-06, 4.482507045386863e-07, 4.4631818057027965e-07, 4.4421319765636407e-07, 5.116342704399111e-07], "search_time_list": [0.616051197052002, 0.6480579376220703, 0.6880285739898682, 0.6470363140106201, 0.6610074043273926], "mae_main_int": [7.13808911385996, 7.49114557012374], "mae_aux_int": [5.532052985969119, 5.736127025061317], "mae_prof_int": [0.21069467937617203, 0.23502442806887996], "mse_main_int": [125.14691566476209, 140.69164574787092], "mse_aux_int": [73.05491828000804, 78.44196050234561], "mse_prof_int": [0.39430242106575714, 0.4616408493096427], "mape_main_int": [2.6495997343810513, 2.80590973561587], "mape_aux_int": [2.1435852855304427, 2.2432383382601153], "mape_prof_int": [0.18103608432063917, 0.2005265017213909], "time_main_int": [1898.1864624500274, 2245.1182724952696], "time_aux_int": [0.0009960651397705079, 0.001900053024291992], "time_prof_int": [4.444236959477556e-07, 1.0021684124987829e-06], "search_time_list_int": [0.6191497087478638, 0.6853264570236206], "mae_main_int_mean": 7.31461734199185, "mae_aux_int_mean": 5.634090005515218, "mae_prof_int_mean": 0.222859553722526, "mse_main_int_mean": 132.9192807063165, "mse_aux_int_mean": 75.74843939117682, "mse_prof_int_mean": 0.42797163518769993, "mape_main_int_mean": 2.7277547349984608, "mape_aux_int_mean": 2.1934118118952792, "mape_prof_int_mean": 0.19078129302101504, "time_main_int_mean": 2071.6523674726486, "time_aux_int_mean": 0.00144805908203125, "time_prof_int_mean": 7.232960542232692e-07, "search_time_list_int_mean": 0.6522380828857421, "mae_main_int_err": 0.17652822813189006, "mae_aux_int_err": 0.10203701954609912, "mae_prof_int_err": 0.012164874346353965, "mse_main_int_err": 7.772365041554416, "mse_aux_int_err": 2.693521111168785, "mse_prof_int_err": 0.03366921412194279, "mape_main_int_err": 0.07815500061740943, "mape_aux_int_err": 0.04982652636483631, "mape_prof_int_err": 0.00974520870037586, "time_main_int_err": 173.4659050226211, "time_aux_int_err": 0.0004519939422607421, "time_prof_int_err": 2.7887235827551365e-07, "search_time_list_int_err": 0.03308837413787841}