{"mae_main": [9.765420885677841, 9.781037395855865, 9.745486946994202, 9.722013192047674, 9.7172639888916], "mae_aux": [6.64330495398158, 6.702577175465968, 6.72262927371036, 6.7232898352023795, 6.662623887018698], "mae_prof": [0.31971135379072274, 0.31473759845701155, 0.3101802598192573, 0.3084467483852176, 0.3143518695555507], "mse_main": [179.7725273819817, 180.55475193206715, 178.49635802504503, 177.66496082035033, 176.98373159657706], "mse_aux": [92.1279468489317, 93.77690255054627, 93.82884690004163, 92.48317943546884, 93.09520645021176], "mse_prof": [0.48753044644481347, 0.48061792034236034, 0.4743374714296614, 0.47945177817597273, 0.47399003507047616], "mape_main": [4.78501670461634, 4.800041567089177, 4.79119129209336, 4.796465423741059, 4.756716356728955], "mape_aux": [2.978165908998786, 3.0095652850257433, 3.0171830015112304, 3.0352648283913695, 2.9915154849491485], "mape_prof": [0.3776059535747067, 0.37301266187767773, 0.3702645505951052, 0.3671871763387008, 0.37109651688243184], "time_main": [15.985723733901978, 17.11817193031311, 16.04671859741211, 16.05316734313965, 16.679328203201294], "time_aux": [0.00119781494140625, 0.0007987022399902344, 0.0011599063873291016, 0.0007643699645996094, 0.0008618831634521484], "time_prof": [7.49302916367787e-05, 4.665815037036056e-05, 7.22830889248698e-05, 4.7614900428124194e-05, 5.167373367512042e-05], "search_time_list": [1.0277090072631836, 1.0302956104278564, 1.3828094005584717, 1.0256438255310059, 1.0747158527374268], "mae_main_int": [9.717738909207208, 9.779475744838063], "mae_aux_int": [6.645236847285291, 6.7232237790531775], "mae_prof_int": [0.30862009952862157, 0.3192139782573516], "mse_main_int": [177.05185451895437, 180.4765294770586], "mse_aux_int": [92.16347010758541, 93.8236524650921], "mse_prof_int": [0.4740247787063947, 0.48683919383456814], "mape_main_int": [4.759546391517693, 4.799683952754365], "mape_aux_int": [2.9795008665938223, 3.0334566457033554], "mape_prof_int": [0.36749491376434124, 0.3771466244050038], "time_main_int": [15.991823220252991, 17.074287557601927], "time_aux_int": [0.0007678031921386719, 0.0011940240859985352], "time_prof_int": [4.675382537613692e-05, 7.466557136558781e-05], "search_time_list_int": [1.0258503437042237, 1.3520000457763672], "mae_main_int_mean": 9.748607327022636, "mae_aux_int_mean": 6.684230313169234, "mae_prof_int_mean": 0.3139170388929866, "mse_main_int_mean": 178.76419199800648, "mse_aux_int_mean": 92.99356128633875, "mse_prof_int_mean": 0.48043198627048145, "mape_main_int_mean": 4.77961517213603, "mape_aux_int_mean": 3.0064787561485886, "mape_prof_int_mean": 0.3723207690846725, "time_main_int_mean": 16.53305538892746, "time_aux_int_mean": 0.0009809136390686035, "time_prof_int_mean": 6.0709698370862365e-05, "search_time_list_int_mean": 1.1889251947402955, "mae_main_int_err": 0.030868417815427485, "mae_aux_int_err": 0.038993465883943035, "mae_prof_int_err": 0.005296939364365011, "mse_main_int_err": 1.7123374790521098, "mse_aux_int_err": 0.8300911787533423, "mse_prof_int_err": 0.00640720756408672, "mape_main_int_err": 0.020068780618335946, "mape_aux_int_err": 0.026977889554766543, "mape_prof_int_err": 0.004825855320331279, "time_main_int_err": 0.5412321686744681, "time_aux_int_err": 0.00021311044692993167, "time_prof_int_err": 1.3955872994725444e-05, "search_time_list_int_err": 0.16307485103607178}