{"mae_main": [13.600811453058526, 6.8478530901517285, 9.119251205348421, 13.620156688747526, 12.06292537939353], "mae_aux": [6.610522607038945, 5.107893040689893, 6.289763146979329, 6.855152548711526, 6.601526876616347], "mae_prof": [0.5139611610781957, 0.2540884020955658, 0.31027635873322623, 0.49669062512511314, 0.4527424593131121], "mse_main": [386.34556380217333, 128.88728829179385, 193.37721823494397, 469.41207874172704, 380.89361973590985], "mse_aux": [91.78780620929842, 64.60178573296814, 85.62272010005435, 102.79541605038807, 96.4346694556917], "mse_prof": [0.7624204473684651, 0.4987730241735462, 0.5572243675776384, 0.7810124180742554, 0.7468199401120079], "mape_main": [5.189825823369624, 2.6788393086045126, 3.609608807460538, 4.821789704209325, 4.439060670203397], "mape_aux": [2.752723151313947, 2.058432229555977, 2.5804543422366932, 2.8299110572545847, 2.70021772618199], "mape_prof": [0.4695923822879526, 0.23159548131751284, 0.2851152355060559, 0.41309944422003114, 0.39171416504693407], "time_main": [1216.5841648578644, 1435.412980556488, 1366.0341565608978, 1083.33482670784, 1132.9147531986237], "time_aux": [0.0010006427764892578, 0.0019996166229248047, 0.0019979476928710938, 0.0019998550415039062, 0.0010008811950683594], "time_prof": [8.225018912737242e-07, 1.3930601506401199e-06, 1.4625898505357215e-06, 1.8460174935770239e-06, 8.83456758103391e-07], "search_time_list": [0.6653058528900146, 0.8193342685699463, 0.8006484508514404, 0.7354352474212646, 0.7525362968444824], "mae_main_int": [7.074992901671398, 13.618222165178626], "mae_aux_int": [5.226080051318837, 6.830689554544268], "mae_prof_int": [0.2597071977593319, 0.5122341074828874], "mse_main_int": [135.33628128610886, 461.1054272477717], "mse_aux_int": [66.70387916967675, 102.15934139091843], "mse_prof_int": [0.5046181585139554, 0.7791532210036763], "mape_main_int": [2.771916258490115, 5.153022211453594], "mape_aux_int": [2.110634440824049, 2.822192266660521], "mape_prof_int": [0.23694745673636713, 0.46394308848116045], "time_main_int": [1088.2928193569182, 1428.475098156929], "time_aux_int": [0.001000666618347168, 0.001999831199645996], "time_prof_int": [8.285973779566909e-07, 1.8076747292728937e-06], "search_time_list_int": [0.6723187923431396, 0.8174656867980957], "mae_main_int_mean": 10.346607533425011, "mae_aux_int_mean": 6.028384802931552, "mae_prof_int_mean": 0.38597065262110963, "mse_main_int_mean": 298.22085426694025, "mse_aux_int_mean": 84.43161028029759, "mse_prof_int_mean": 0.6418856897588159, "mape_main_int_mean": 3.962469234971855, "mape_aux_int_mean": 2.466413353742285, "mape_prof_int_mean": 0.3504452726087638, "time_main_int_mean": 1258.3839587569237, "time_aux_int_mean": 0.001500248908996582, "time_prof_int_mean": 1.3181360536147923e-06, "search_time_list_int_mean": 0.7448922395706177, "mae_main_int_err": 3.271614631753614, "mae_aux_int_err": 0.8023047516127155, "mae_prof_int_err": 0.12626345486177779, "mse_main_int_err": 162.88457298083142, "mse_aux_int_err": 17.727731110620837, "mse_prof_int_err": 0.13726753124486046, "mape_main_int_err": 1.1905529764817395, "mape_aux_int_err": 0.35577891291823605, "mape_prof_int_err": 0.11349781587239666, "time_main_int_err": 170.09113940000543, "time_aux_int_err": 0.000499582290649414, "time_prof_int_err": 4.895386756581013e-07, "search_time_list_int_err": 0.07257344722747805}