{"mae_main": [7.563476849280139, 7.30253871334055, 7.584455486463373, 7.452666760273094, 7.983042785807214], "mae_aux": [5.691904448107203, 5.641585775542129, 5.82712608179977, 5.81685853669264, 6.109225052572326], "mae_prof": [0.24744868510453163, 0.22744870010262735, 0.23170145935987874, 0.21949300514820166, 0.2347247513900697], "mse_main": [142.2412153987693, 134.59163987466252, 144.52156878666193, 132.63029045442678, 146.97009819254927], "mse_aux": [75.88279599945407, 73.80007094867798, 76.83039167936752, 78.12531843902116, 84.77761002641667], "mse_prof": [0.46652033458292125, 0.45167418260596454, 0.4683811397537342, 0.41095417817948704, 0.4231642281728127], "mape_main": [2.6633552037544925, 2.5112035822103174, 2.6353577271841204, 2.783379675590773, 3.096813650307618], "mape_aux": [2.0798641668318583, 2.0233941514979903, 2.1502480321686095, 2.1993718993583053, 2.40487168781972], "mape_prof": [0.21908119356370323, 0.1942532394299015, 0.184077360736089, 0.2098196596583655, 0.2234367451910337], "time_main": [2683.720409154892, 1431.210921049118, 1194.9241285324097, 1312.9178411960602, 1191.3168051242828], "time_aux": [0.0029993057250976562, 0.0020008087158203125, 0.0010008811950683594, 0.002001523971557617, 0.0010013580322265625], "time_prof": [1.1175924715802055e-06, 1.3979831249147142e-06, 8.376106659572007e-07, 1.5244853171728104e-06, 8.405472229715561e-07], "search_time_list": [1.0739972591400146, 0.7919995784759521, 0.7560296058654785, 0.8010313510894775, 0.7640318870544434], "mae_main_int": [7.317551518033805, 7.94318405587283], "mae_aux_int": [5.6466176427986365, 6.081015155495071], "mae_prof_int": [0.22028857464364424, 0.24617629173308544], "mse_main_int": [132.82642539645036, 146.72524525196053], "mse_aux_int": [74.0083434537556, 84.11238086767712], "mse_prof_int": [0.4121751831788196, 0.4681950592366529], "mape_main_int": [2.5236189967076976, 3.0654702528359334], "mape_aux_int": [2.029041153031377, 2.3843217089735784], "mape_prof_int": [0.18509494860547024, 0.22300119002830066], "time_main_int": [1191.6775374650956, 2558.4694603443145], "time_aux_int": [0.0010009288787841796, 0.0028995275497436523], "time_prof_int": [8.379043216586363e-07, 1.5118350979470006e-06], "search_time_list_int": [0.756829833984375, 1.046700668334961], "mae_main_int_mean": 7.630367786953318, "mae_aux_int_mean": 5.863816399146854, "mae_prof_int_mean": 0.23323243318836484, "mse_main_int_mean": 139.77583532420545, "mse_aux_int_mean": 79.06036216071635, "mse_prof_int_mean": 0.44018512120773623, "mape_main_int_mean": 2.7945446247718158, "mape_aux_int_mean": 2.206681431002478, "mape_prof_int_mean": 0.20404806931688546, "time_main_int_mean": 1875.073498904705, "time_aux_int_mean": 0.001950228214263916, "time_prof_int_mean": 1.1748697098028183e-06, "search_time_list_int_mean": 0.9017652511596679, "mae_main_int_err": 0.31281626891951264, "mae_aux_int_err": 0.21719875634821717, "mae_prof_int_err": 0.012943858544720604, "mse_main_int_err": 6.9494099277550845, "mse_aux_int_err": 5.052018706960759, "mse_prof_int_err": 0.02800993802891663, "mape_main_int_err": 0.2709256280641179, "mape_aux_int_err": 0.1776402779711006, "mape_prof_int_err": 0.01895312071141521, "time_main_int_err": 683.3959614396094, "time_aux_int_err": 0.0009492993354797363, "time_prof_int_err": 3.369653881441822e-07, "search_time_list_int_err": 0.14493541717529296}