{"mae_main": [7.524374445529217, 7.356677757709518, 7.183269987215821, 6.99077030346653, 7.840130465836693], "mae_aux": [5.790350363534081, 5.7248630098725615, 5.613991911780189, 5.4294094963762, 5.922353581347469], "mae_prof": [0.23045425165216848, 0.22181408532226066, 0.2184629114913544, 0.22334603188379593, 0.24461032795894427], "mse_main": [133.438411027239, 129.38704822259075, 127.92737295025125, 120.09994985889608, 151.40832284972535], "mse_aux": [81.24016077462177, 76.30536766922738, 76.56995516425113, 71.45649392433212, 83.43974591448607], "mse_prof": [0.39117859580898273, 0.4102549774691854, 0.4014576130315139, 0.40502478137346887, 0.4489091197628478], "mape_main": [2.867436123201108, 2.6977124536707016, 2.5675549431697435, 2.5256582318366743, 3.0356588781275318], "mape_aux": [2.247670812337807, 2.153320174850613, 2.071711356654808, 2.049641470338831, 2.336193693640818], "mape_prof": [0.21613918644904848, 0.20179774092652064, 0.19311897797318328, 0.18847235762048498, 0.23041626630926365], "time_main": [1389.607506275177, 1380.0955305099487, 1389.9382772445679, 1544.9032068252563, 1226.7151913642883], "time_aux": [0.0010042190551757812, 0.001997232437133789, 0.0010294914245605469, 0.0020284652709960938, 0.001003265380859375], "time_prof": [7.226638102060746e-07, 1.447169701647977e-06, 7.40674202167757e-07, 1.313004764333778e-06, 8.17847034032077e-07], "search_time_list": [0.8247334957122803, 0.8711681365966797, 0.8462188243865967, 0.8612360954284668, 0.792762041091919], "mae_main_int": [7.010020271841459, 7.808554863805945], "mae_aux_int": [5.447867737916599, 5.90915325956613], "mae_prof_int": [0.21879802887444505, 0.2431947203282667], "mse_main_int": [120.8826921680316, 149.61133166747672], "mse_aux_int": [71.94138129882165, 83.21978740049964], "mse_prof_int": [0.3922064975312358, 0.44504370553348155], "mape_main_int": [2.529847902969981, 3.0188366026348894], "mape_aux_int": [2.0518484589704284, 2.327341405510517], "mape_prof_int": [0.1889370196557548, 0.22898855832324214], "time_main_int": [1242.0532252788544, 1529.4067138671876], "time_aux_int": [0.0010033607482910155, 0.002025341987609863], "time_prof_int": [7.244648494022429e-07, 1.4337532079165571e-06], "search_time_list_int": [0.795959186553955, 0.8701749324798584], "mae_main_int_mean": 7.409287567823702, "mae_aux_int_mean": 5.678510498741365, "mae_prof_int_mean": 0.23099637460135586, "mse_main_int_mean": 135.24701191775415, "mse_aux_int_mean": 77.58058434966065, "mse_prof_int_mean": 0.41862510153235866, "mape_main_int_mean": 2.7743422528024353, "mape_aux_int_mean": 2.189594932240473, "mape_prof_int_mean": 0.20896278898949847, "time_main_int_mean": 1385.729969573021, "time_aux_int_mean": 0.0015143513679504394, "time_prof_int_mean": 1.0791090286594e-06, "search_time_list_int_mean": 0.8330670595169067, "mae_main_int_err": 0.3992672959822432, "mae_aux_int_err": 0.23064276082476542, "mae_prof_int_err": 0.012198345726910823, "mse_main_int_err": 14.364319749722561, "mse_aux_int_err": 5.639203050838994, "mse_prof_int_err": 0.026418604001122864, "mape_main_int_err": 0.2444943498324541, "mape_aux_int_err": 0.1377464732700442, "mape_prof_int_err": 0.02002576933374367, "time_main_int_err": 143.6767442941666, "time_aux_int_err": 0.0005109906196594238, "time_prof_int_err": 3.546441792571571e-07, "search_time_list_int_err": 0.037107872962951705}