{"mae_main": [0.6879557651010836, 0.7219299388588922], "mae_aux": [0.6301590962255015, 0.6601804322148977], "mae_prof": [0.08401218771251935, 0.08553393247771095], "mse_main": [1.3842472152693128, 1.6564445765598592], "mse_aux": [1.2113868938036163, 1.3202776940837107], "mse_prof": [0.12487677024661062, 0.20294484176120603], "mape_main": [1.5142025760554731, 1.5573390171008157], "mape_aux": [1.3982529446580858, 1.473911759430032], "mape_prof": [0.0765747154515074, 0.05357038946220854], "time_main": [147.89932918548584, 147.97124004364014], "time_aux": [0.0017976760864257812, 0.0018799304962158203], "time_prof": [1.2154727789003365e-05, 1.270470191140782e-05], "search_time_list": [40.344860553741455, 39.85585927963257], "mae_main_int": [0.6888051194450288, 0.721080584514947], "mae_aux_int": [0.6309096296252363, 0.6594298988151629], "mae_prof_int": [0.08405023133164914, 0.08549588885858116], "mse_main_int": [1.3910521493015764, 1.6496396425275957], "mse_aux_int": [1.2141091638106187, 1.3175554240767082], "mse_prof_int": [0.1268284720344755, 0.20099313997334115], "mape_main_int": [1.5152809870816066, 1.5562606060746822], "mape_aux_int": [1.4001444150273845, 1.4720202890607332], "mape_prof_int": [0.05414549761194101, 0.07599960730177494], "time_main_int": [147.9011269569397, 147.96944227218628], "time_aux_int": [0.0017997324466705322, 0.0018778741359710693], "time_prof_int": [1.2168477142063476e-05, 1.269095255834771e-05], "search_time_list_int": [39.86808431148529, 40.33263552188873], "mae_main_int_mean": 0.7049428519799879, "mae_aux_int_mean": 0.6451697642201997, "mae_prof_int_mean": 0.08477306009511515, "mse_main_int_mean": 1.520345895914586, "mse_aux_int_mean": 1.2658322939436635, "mse_prof_int_mean": 0.16391080600390834, "mape_main_int_mean": 1.5357707965781444, "mape_aux_int_mean": 1.4360823520440589, "mape_prof_int_mean": 0.06507255245685797, "time_main_int_mean": 147.935284614563, "time_aux_int_mean": 0.0018388032913208008, "time_prof_int_mean": 1.2429714850205593e-05, "search_time_list_int_mean": 40.10035991668701, "mae_main_int_err": 0.01613773253495915, "mae_aux_int_err": 0.01426013459496328, "mae_prof_int_err": 0.0007228287634660074, "mse_main_int_err": 0.12929374661300963, "mse_aux_int_err": 0.05172313013304475, "mse_prof_int_err": 0.03708233396943282, "mape_main_int_err": 0.02048980949653778, "mape_aux_int_err": 0.03593793701667436, "mape_prof_int_err": 0.010927054844916961, "time_main_int_err": 0.0341576576232967, "time_aux_int_err": 3.9070844650268555e-05, "time_prof_int_err": 2.61237708142117e-07, "search_time_list_int_err": 0.2322756052017212}