{"mae_main": [0.6606486345506148, 0.6071346237913815, 0.6193585248761463, 0.6202643845314739, 0.6166749454798417], "mae_aux": [0.6188937985306173, 0.6046514297143847, 0.6117165482340483, 0.6069077412276482, 0.6050130038802871], "mae_prof": [0.06320278864785654, 0.00409002217908441, 0.012338534685747894, 0.02153379048825257, 0.01891100276577686], "mse_main": [1.1472129343188742, 1.0955582935264911, 1.1227712406456813, 1.0867451449455459, 1.1691414247901086], "mse_aux": [1.0999011078730105, 1.0954488895287706, 1.1013982574477834, 1.0645529031359209, 1.1330223933204062], "mse_prof": [0.04124066686360515, 9.98614116354912e-05, 0.019035919717365395, 0.02042083363596437, 0.03089363759066763], "mape_main": [1.4159705967480734, 1.350300208933848, 1.3520467411251536, 1.3536762497124863, 1.3516258339992515], "mape_aux": [1.3566975271441184, 1.3360616927567357, 1.3347346620043354, 1.336522191004264, 1.3270378102782758], "mape_prof": [0.0418603816633494, 0.010544704120541176, 0.012804349579224794, 0.012672201873871856, 0.018191442559383115], "time_main": [1032.3956983089447, 773.8350746631622, 763.8821709156036, 780.864239692688, 1399.6557750701904], "time_aux": [0.0020003318786621094, 0.0020008087158203125, 0.0020003318786621094, 0.002001047134399414, 0.002998828887939453], "time_prof": [1.937563166854178e-06, 2.585575119725908e-06, 2.6186393069816954e-06, 2.5626056780202067e-06, 2.142547432985133e-06], "search_time_list": [92.81702017784119, 173.99625778198242, 94.87466073036194, 202.05262398719788, 198.1679971218109], "mae_main_int": [0.6080886559602275, 0.6566102095487008], "mae_aux_int": [0.6046875871309749, 0.6181760735009604], "mae_prof_int": [0.004914873429750759, 0.059035888831896144], "mse_main_int": [1.0876264598036405, 1.1669485757429852], "mse_aux_int": [1.0676425017752058, 1.129859979733144], "mse_prof_int": [0.001993467242208481, 0.040205963936311394], "mape_main_int": [1.3504327714403883, 1.4097411620445146], "mape_aux_int": [1.3278074954508818, 1.354679993530133], "mape_prof_int": [0.010757453895874245, 0.03949348775295277], "time_main_int": [764.8774612903595, 1362.9297673940657], "time_aux_int": [0.0020003318786621094, 0.0028990507125854492], "time_prof_int": [1.9580615934672736e-06, 2.6153328882561166e-06], "search_time_list_int": [93.02278423309326, 201.66416130065917], "mae_main_int_mean": 0.6323494327544641, "mae_aux_int_mean": 0.6114318303159676, "mae_prof_int_mean": 0.03197538113082345, "mse_main_int_mean": 1.1272875177733128, "mse_aux_int_mean": 1.0987512407541749, "mse_prof_int_mean": 0.021099715589259938, "mape_main_int_mean": 1.3800869667424513, "mape_aux_int_mean": 1.3412437444905074, "mape_prof_int_mean": 0.025125470824413507, "time_main_int_mean": 1063.9036143422127, "time_aux_int_mean": 0.0024496912956237793, "time_prof_int_mean": 2.286697240861695e-06, "search_time_list_int_mean": 147.34347276687623, "mae_main_int_err": 0.024260776794236605, "mae_aux_int_err": 0.0067442431849927265, "mae_prof_int_err": 0.027060507701072694, "mse_main_int_err": 0.03966105796967234, "mse_aux_int_err": 0.03110873897896904, "mse_prof_int_err": 0.019106248347051456, "mape_main_int_err": 0.029654195302063147, "mape_aux_int_err": 0.013436249039625592, "mape_prof_int_err": 0.014368016928539264, "time_main_int_err": 299.0261530518531, "time_aux_int_err": 0.0004493594169616699, "time_prof_int_err": 3.2863564739442147e-07, "search_time_list_int_err": 54.320688533782956}