{"mae_main": [0.896249761153817, 0.9127366570542294], "mae_aux": [0.7326563076049102, 0.7932530390581978], "mae_prof": [0.18253109862846642, 0.13090700047224307], "mse_main": [4.485833370488242, 4.46147476717464], "mse_aux": [2.029963302162145, 1.8236477352734957], "mse_prof": [0.5474724238494837, 0.5912455341693271], "mape_main": [2.1325336924290603, 2.14786820733208], "mape_aux": [1.656190083439813, 1.7196665637368584], "mape_prof": [0.22336979278703378, 0.199361228092808], "time_main": [10.618470907211304, 10.612244844436646], "time_aux": [0.0016222000122070312, 0.002180814743041992], "time_prof": [0.00015277152674641217, 0.0002054998518230816], "search_time_list": [38.09430003166199, 43.90148639678955], "mae_main_int": [0.8966619335513274, 0.912324484656719], "mae_aux_int": [0.7341712258912424, 0.7917381207718656], "mae_prof_int": [0.13219760292614866, 0.18124049617456084], "mse_main_int": [4.46208373225748, 4.485224405405402], "mse_aux_int": [1.8288056244457118, 2.0248054129899287], "mse_prof_int": [0.5485667516074798, 0.590151206411331], "mape_main_int": [2.1329170553016357, 2.1474848444595045], "mape_aux_int": [1.6577769954472392, 1.7180796517294323], "mape_prof_int": [0.19996144221016365, 0.22276957866967814], "time_main_int": [10.612400496006012, 10.618315255641937], "time_aux_int": [0.0016361653804779052, 0.002166849374771118], "time_prof_int": [0.0001540897348733289, 0.00020418164369616487], "search_time_list_int": [38.239479690790176, 43.75630673766136], "mae_main_int_mean": 0.9044932091040232, "mae_aux_int_mean": 0.762954673331554, "mae_prof_int_mean": 0.15671904955035476, "mse_main_int_mean": 4.473654068831442, "mse_aux_int_mean": 1.9268055187178201, "mse_prof_int_mean": 0.5693589790094054, "mape_main_int_mean": 2.14020094988057, "mape_aux_int_mean": 1.6879283235883358, "mape_prof_int_mean": 0.2113655104399209, "time_main_int_mean": 10.615357875823975, "time_aux_int_mean": 0.0019015073776245117, "time_prof_int_mean": 0.00017913568928474687, "search_time_list_int_mean": 40.99789321422577, "mae_main_int_err": 0.007831275552695804, "mae_aux_int_err": 0.028783447440311583, "mae_prof_int_err": 0.024521446624206092, "mse_main_int_err": 0.011570336573961004, "mse_aux_int_err": 0.09799989427210842, "mse_prof_int_err": 0.0207922274019256, "mape_main_int_err": 0.007283894578934413, "mape_aux_int_err": 0.030151328141096556, "mape_prof_int_err": 0.011404068229757244, "time_main_int_err": 0.002957379817962291, "time_aux_int_err": 0.0002653419971466064, "time_prof_int_err": 2.504595441141798e-05, "search_time_list_int_err": 2.7584135234355927}