{"mae_main": [0.9852866224994677, 3.3215914726518894, 2.1918448141301865, 0.9162235087351681, 0.7375909305872638], "mae_aux": [0.8438225944700645, 0.8891804784520013, 0.8932897642686184, 0.8141009178234869, 0.6561757507125182], "mae_prof": [0.1435765236216629, 0.7323028777701859, 0.5924484441098025, 0.11146034776237054, 0.11037985487419628], "mse_main": [4.30168945445435, 27.272090512685022, 8.929948777591628, 2.8425488649269384, 1.7882614608890328], "mse_aux": [2.599169106303373, 2.402722305968298, 2.7800015803528697, 1.9372160024648972, 1.340272647516066], "mse_prof": [0.3957794643655731, 0.9118981251235316, 0.6886878469752403, 0.318493333090093, 0.25051639437012163], "mape_main": [2.533311970277575, 9.301448768661192, 4.697791994952861, 2.1848950907560463, 1.7137433576595795], "mape_aux": [1.9520508948277255, 2.0455116268973126, 2.2078443081235544, 1.8128695852801289, 1.474847504393923], "mape_prof": [0.22944709623985265, 0.7800867716662451, 0.5300251031770706, 0.17027156454783565, 0.13940001704334018], "time_main": [340.46695375442505, 183.89203763008118, 270.40384244918823, 285.3700318336487, 383.17396426200867], "time_aux": [0.001997232437133789, 0.002999544143676758, 0.0039997100830078125, 0.002999544143676758, 0.002000570297241211], "time_prof": [5.866156509786763e-06, 1.6311441116937682e-05, 1.47916170376144e-05, 1.051106917009873e-05, 5.221049663680309e-06], "search_time_list": [1.6790292263031006, 1.4399995803833008, 1.891000747680664, 1.735999345779419, 117.75920271873474], "mae_main_int": [0.7554541884020542, 3.208616806799719], "mae_aux_int": [0.671968267423615, 0.8928788356869567], "mae_prof_int": [0.11048790416301371, 0.7183174344041475], "mse_main_int": [1.8936902012928234, 25.43787633917568], "mse_aux_int": [1.3999669830109491, 2.76191833294792], "mse_prof_int": [0.25731408824211877, 0.8895770973087025], "mape_main_int": [1.7608585309692262, 8.84108309129036], "mape_aux_int": [1.5086497124825438, 2.19161104000093], "mape_prof_int": [0.14248717179378972, 0.7550806048173276], "time_main_int": [192.54321811199188, 378.9032632112503], "time_aux_int": [0.001997566223144531, 0.003899693489074707], "time_prof_int": [5.2855603482909545e-06, 1.6159458709005352e-05], "search_time_list_int": [1.4639025449752807, 106.17238252162932], "mae_main_int_mean": 1.9820354976008867, "mae_aux_int_mean": 0.7824235515552859, "mae_prof_int_mean": 0.4144026692835806, "mse_main_int_mean": 13.665783270234252, "mse_aux_int_mean": 2.080942657979435, "mse_prof_int_mean": 0.5734455927754106, "mape_main_int_mean": 5.300970811129793, "mape_aux_int_mean": 1.850130376241737, "mape_prof_int_mean": 0.4487838883055587, "time_main_int_mean": 285.7232406616211, "time_aux_int_mean": 0.0029486298561096193, "time_prof_int_mean": 1.0722509528648154e-05, "search_time_list_int_mean": 53.8181425333023, "mae_main_int_err": 1.2265813091988325, "mae_aux_int_err": 0.11045528413167083, "mae_prof_int_err": 0.3039147651205669, "mse_main_int_err": 11.772093068941428, "mse_aux_int_err": 0.6809756749684854, "mse_prof_int_err": 0.31613150453329186, "mape_main_int_err": 3.5401122801605664, "mape_aux_int_err": 0.34148066375919317, "mape_prof_int_err": 0.30629671651176893, "time_main_int_err": 93.18002254962921, "time_aux_int_err": 0.0009510636329650879, "time_prof_int_err": 5.4369491803571985e-06, "search_time_list_int_err": 52.354239988327016}