{"mae_main": [0.7432400010728782, 0.741112333638912, 0.7384730959817004, 0.7406065298933567, 0.7429621706954064], "mae_aux": [0.6462676751098596, 0.6359306541812043, 0.6434110086923964, 0.6448033694908104, 0.6426263111711119], "mae_prof": [0.13047242589612723, 0.14192407099914062, 0.1287278951752897, 0.1293577041730127, 0.13504840957162184], "mse_main": [1.4612995238636057, 1.4583696839448994, 1.4614596030613942, 1.4596785828823553, 1.4600417799200198], "mse_aux": [1.2836063699418443, 1.2289519310960821, 1.2520850239017642, 1.2795657127180522, 1.2442881955134628], "mse_prof": [0.12159940588494088, 0.1573111093671673, 0.14326402092883192, 0.12339214418604616, 0.14777219896979651], "mape_main": [1.587485430164368, 1.5855660022253768, 1.5799451653604981, 1.5829724289328106, 1.5858015263572507], "mape_aux": [1.4329732815892968, 1.4118099137023115, 1.4365465212902848, 1.4253292537614934, 1.4253549032912163], "mape_prof": [0.09733138058411847, 0.10958615931421009, 0.09076178541771976, 0.0995868104143767, 0.10117698867057898], "time_main": [0.047000885009765625, 0.02599954605102539, 0.023999691009521484, 0.023000001907348633, 0.024969100952148438], "time_aux": [0.0019974708557128906, 0.001997232437133789, 0.001999378204345703, 0.001998424530029297, 0.001996755599975586], "time_prof": [0.042498579660741824, 0.07681797340669418, 0.08330849774492857, 0.08688801583928515, 0.07996906271484226], "search_time_list": [220.76600122451782, 230.60799860954285, 201.56400227546692, 211.05017733573914, 271.56356716156006], "mae_main_int": [0.738686439372866, 0.743212218035131], "mae_aux_int": [0.6366002198801951, 0.6461212445479547], "mae_prof_int": [0.128790876075062, 0.14123650485638875], "mse_main_int": [1.458500573838645, 1.4614435951416154], "mse_aux_int": [1.2304855575378202, 1.2832023042194651], "mse_prof_int": [0.12177867971505141, 0.15635721832743021], "mape_main_int": [1.5802478917177294, 1.5873170397836562], "mape_aux_int": [1.4131618477082297, 1.436189197320186], "mape_prof_int": [0.09141874493435963, 0.10874524224984698], "time_main_int": [0.02309997081756592, 0.0449007511138916], "time_aux_int": [0.0019968032836914064, 0.0019992828369140626], "time_prof_int": [0.045930519035337056, 0.0865300640298495], "search_time_list_int": [202.51261978149415, 267.46801030635834], "mae_main_int_mean": 0.7409493287039985, "mae_aux_int_mean": 0.6413607322140749, "mae_prof_int_mean": 0.13501369046572537, "mse_main_int_mean": 1.45997208449013, "mse_aux_int_mean": 1.2568439308786425, "mse_prof_int_mean": 0.1390679490212408, "mape_main_int_mean": 1.583782465750693, "mape_aux_int_mean": 1.4246755225142078, "mape_prof_int_mean": 0.1000819935921033, "time_main_int_mean": 0.03400036096572876, "time_aux_int_mean": 0.0019980430603027347, "time_prof_int_mean": 0.06623029153259327, "search_time_list_int_mean": 234.99031504392624, "mae_main_int_err": 0.0022628893311325005, "mae_aux_int_err": 0.004760512333879807, "mae_prof_int_err": 0.00622281439066337, "mse_main_int_err": 0.0014715106514852083, "mse_aux_int_err": 0.026358373340822472, "mse_prof_int_err": 0.017289269306189403, "mape_main_int_err": 0.0035345740329634223, "mape_aux_int_err": 0.011513674805978091, "mape_prof_int_err": 0.008663248657743677, "time_main_int_err": 0.01090039014816284, "time_aux_int_err": 1.2397766113280816e-06, "time_prof_int_err": 0.020299772497256223, "search_time_list_int_err": 32.47769526243209}