{"mae_main": [0.6040213471863103, 0.6048271360178961], "mae_aux": [0.6017086391608771, 0.604435817436575], "mae_prof": [0.0038288514738863987, 0.0006469924347267417], "mse_main": [1.0944110318623197, 1.0768912333726717], "mse_aux": [1.081157380032344, 1.075363714857239], "mse_prof": [0.01211030540090817, 0.0014184519922672912], "mape_main": [1.3194472897465033, 1.3220271383919417], "mape_aux": [1.313808082125509, 1.3210630092592965], "mape_prof": [0.004273916559469208, 0.0007292808934451486], "time_main": [256.85782051086426, 296.514386177063], "time_aux": [0.0023622512817382812, 0.002058744430541992], "time_prof": [9.196727111676032e-06, 6.9431519228635905e-06], "search_time_list": [158.75244855880737, 183.28199672698975], "mae_main_int": [0.6040414919070999, 0.6048069912971065], "mae_aux_int": [0.6017768186177695, 0.6043676379796826], "mae_prof_int": [0.0007265389107057331, 0.003749304997907407], "mse_main_int": [1.077329228334913, 1.0939730369000784], "mse_aux_int": [1.0755085564866167, 1.0810125384029663], "mse_prof_int": [0.0016857483274833132, 0.011843009065692148], "mape_main_int": [1.3195117859626393, 1.3219626421758057], "mape_aux_int": [1.3139894553038536, 1.3208816360809519], "mape_prof_int": [0.00081789678509575, 0.004185300667818606], "time_main_int": [257.8492346525192, 295.52297203540803], "time_aux_int": [0.0020663321018218996, 0.002354663610458374], "time_prof_int": [6.999491302583902e-06, 9.140387731955721e-06], "search_time_list_int": [159.36568726301192, 182.6687580227852], "mae_main_int_mean": 0.6044242416021032, "mae_aux_int_mean": 0.6030722282987261, "mae_prof_int_mean": 0.00223792195430657, "mse_main_int_mean": 1.0856511326174956, "mse_aux_int_mean": 1.0782605474447915, "mse_prof_int_mean": 0.006764378696587731, "mape_main_int_mean": 1.3207372140692226, "mape_aux_int_mean": 1.3174355456924027, "mape_prof_int_mean": 0.002501598726457178, "time_main_int_mean": 276.6861033439636, "time_aux_int_mean": 0.0022104978561401367, "time_prof_int_mean": 8.069939517269811e-06, "search_time_list_int_mean": 171.01722264289856, "mae_main_int_err": 0.0003827496950032927, "mae_aux_int_err": 0.0012954096809565385, "mae_prof_int_err": 0.001511383043600837, "mse_main_int_err": 0.008321904282582726, "mse_aux_int_err": 0.0027519909581747992, "mse_prof_int_err": 0.005078630369104417, "mape_main_int_err": 0.001225428106583215, "mape_aux_int_err": 0.00344609038854915, "mape_prof_int_err": 0.0016837019413614282, "time_main_int_err": 18.83686869144441, "time_aux_int_err": 0.00014416575431823713, "time_prof_int_err": 1.0704482146859096e-06, "search_time_list_int_err": 11.651535379886639}