{"mae_main": [0.6697240131895446, 0.6715464758516188], "mae_aux": [0.6418871200306129, 0.6410522581571161], "mae_prof": [0.041564723095949836, 0.0454089460537062], "mse_main": [1.5348922499455284, 1.5327940429747744], "mse_aux": [1.250122375282337, 1.2380265340600647], "mse_prof": [0.1855308570834843, 0.19230731634540987], "mape_main": [1.4876879294812722, 1.4907244179897738], "mape_aux": [1.414465743398388, 1.410601315852268], "mape_prof": [0.049218780788532215, 0.05374776261165099], "time_main": [58.40123200416565, 58.91480016708374], "time_aux": [0.0017142295837402344, 0.001772165298461914], "time_prof": [2.935262707502406e-05, 3.008013764683937e-05], "search_time_list": [281.12209153175354, 184.64527106285095], "mae_main_int": [0.6697695747560964, 0.6715009142850669], "mae_aux_int": [0.6410731297039535, 0.6418662484837755], "mae_prof_int": [0.04166082866989375, 0.045312840479762286], "mse_main_int": [1.5328464981490433, 1.5348397947712595], "mse_aux_int": [1.2383289300906215, 1.2498199792517801], "mse_prof_int": [0.18570026856503244, 0.19213790486386173], "mape_main_int": [1.4877638416939847, 1.4906485057770613], "mape_aux_int": [1.410697926540921, 1.414369132709735], "mape_prof_int": [0.04933200533411018, 0.053634538066073024], "time_main_int": [58.4140712082386, 58.90196096301079], "time_aux_int": [0.0017156779766082763, 0.0017707169055938721], "time_prof_int": [2.9370814839319443e-05, 3.006194988254399e-05], "search_time_list_int": [187.05719157457352, 278.710171020031], "mae_main_int_mean": 0.6706352445205817, "mae_aux_int_mean": 0.6414696890938645, "mae_prof_int_mean": 0.04348683457482802, "mse_main_int_mean": 1.5338431464601514, "mse_aux_int_mean": 1.2440744546712008, "mse_prof_int_mean": 0.18891908671444707, "mape_main_int_mean": 1.489206173735523, "mape_aux_int_mean": 1.4125335296253279, "mape_prof_int_mean": 0.05148327170009161, "time_main_int_mean": 58.658016085624695, "time_aux_int_mean": 0.0017431974411010742, "time_prof_int_mean": 2.9716382360931716e-05, "search_time_list_int_mean": 232.88368129730225, "mae_main_int_err": 0.0008656697644852107, "mae_aux_int_err": 0.0003965593899110109, "mae_prof_int_err": 0.0018260059049342685, "mse_main_int_err": 0.0009966483111081281, "mse_aux_int_err": 0.005745524580579309, "mse_prof_int_err": 0.0032188181494146456, "mape_main_int_err": 0.001442332041538319, "mape_aux_int_err": 0.0018356030844070004, "mape_prof_int_err": 0.002151266365981421, "time_main_int_err": 0.24394487738609172, "time_aux_int_err": 2.7519464492797895e-05, "time_prof_int_err": 3.4556752161227263e-07, "search_time_list_int_err": 45.82648972272874}