{"dyna_id":{"count":52116.0,"mean":78173.5,"std":15044.7376514182,"min":52116.0,"25%":65144.75,"50%":78173.5,"75%":91202.25,"max":104231.0},"entity_id":{"count":52116.0,"mean":400017.0,"std":0.0,"min":400017.0,"25%":400017.0,"50%":400017.0,"75%":400017.0,"max":400017.0},"traffic_speed":{"count":52116.0,"mean":59.0190785939,"std":13.250177815,"min":11.0,"25%":62.2,"50%":64.0,"75%":65.1,"max":71.6}}