{"dyna_id":{"count":26208.0,"mean":7875503.5,"std":7565.7422636513,"min":7862400.0,"25%":7868951.75,"50%":7875503.5,"75%":7882055.25,"max":7888607.0},"entity_id":{"count":26208.0,"mean":312856.0,"std":0.0,"min":312856.0,"25%":312856.0,"50%":312856.0,"75%":312856.0,"max":312856.0},"traffic_flow":{"count":26208.0,"mean":262.1875,"std":141.9685046287,"min":23.0,"25%":112.0,"50%":313.0,"75%":384.0,"max":528.0}}