{"dyna_id":{"count":28224.0,"mean":747935.5,"std":8147.7113350928,"min":733824.0,"25%":740879.75,"50%":747935.5,"75%":754991.25,"max":762047.0},"entity_id":{"count":28224.0,"mean":26.0,"std":0.0,"min":26.0,"25%":26.0,"50%":26.0,"75%":26.0,"max":26.0},"traffic_flow":{"count":28224.0,"mean":33.2301587302,"std":26.9487782102,"min":0.0,"25%":5.0,"50%":33.0,"75%":56.0,"max":98.0}}