{"dyna_id":{"count":17856.0,"mean":2758751.5,"std":5154.7275388715,"min":2749824.0,"25%":2754287.75,"50%":2758751.5,"75%":2763215.25,"max":2767679.0},"entity_id":{"count":17856.0,"mean":154.0,"std":0.0,"min":154.0,"25%":154.0,"50%":154.0,"75%":154.0,"max":154.0},"traffic_flow":{"count":17856.0,"mean":63.2174619176,"std":43.7613257543,"min":0.0,"25%":25.0,"50%":55.0,"75%":100.0,"max":170.0},"traffic_occupancy":{"count":17856.0,"mean":0.0602653898,"std":0.0502379554,"min":0.0,"25%":0.0185,"50%":0.05,"75%":0.088,"max":0.378},"traffic_speed":{"count":17856.0,"mean":58.8846214158,"std":12.5636208946,"min":9.0,"25%":58.1,"50%":64.2,"75%":65.1,"max":75.0}}