{"mae_main": [0.7520738651201344, 0.9744221595186873, 0.5565906752335844, 0.8792278440319342, 0.9544381093404015], "mae_aux": [0.626405456387673, 0.7550885114346059, 0.4457798083345902, 0.6781111335164399, 0.7526170262074108], "mae_prof": [0.16709583268444977, 0.22509098950748468, 0.1990886154398656, 0.22874242652873672, 0.21145539051501872], "mse_main": [1.9420729622358415, 2.940903263571996, 1.1002516969806913, 2.4532743915596207, 2.83274034249208], "mse_aux": [1.1334211337490647, 1.6428777572540445, 0.6189624585680132, 1.3103570264103122, 1.5982273308078243], "mse_prof": [0.4163859155712687, 0.44136967114701375, 0.43743557927102594, 0.4658742491591906, 0.4358016840322904], "mape_main": [3.0919713629663543, 3.8966131535641546, 2.661549653448136, 3.624945143552856, 3.849709405275238], "mape_aux": [2.600048869645056, 2.946114660355241, 2.240813905085335, 2.7692496480494664, 3.1347990032971875], "mape_prof": [0.15909671713432721, 0.2439293960550104, 0.1580792407226829, 0.2360575020080749, 0.18570503035850247], "time_main": [1928.909467458725, 932.9239876270294, 2189.437736272812, 1449.6843602657318, 993.5477643013], "time_aux": [0.0010018348693847656, 0.002032756805419922, 0.0010347366333007812, 0.0010006427764892578, 0.0020003318786621094], "time_prof": [5.193788958403788e-07, 2.178909356367189e-06, 4.7260381793832813e-07, 6.902487216636846e-07, 2.0133223087355218e-06], "search_time_list": [0.9506523609161377, 0.709503173828125, 0.7840204238891602, 0.7890007495880127, 0.7300348281860352], "mae_main_int": [0.5761389942222395, 0.9724237545008587], "mae_aux_int": [0.46384237313989846, 0.7548413629118863], "mae_prof_int": [0.17029511095999136, 0.22837728282661152], "mse_main_int": [1.1844338235062062, 2.930086971464004], "mse_aux_int": [0.6704083260861184, 1.6384127146094225], "mse_prof_int": [0.4183274924173709, 0.46342379135797296], "mape_main_int": [2.704591824399958, 3.891922778735263], "mape_aux_int": [2.276737401541307, 3.115930569002993], "mape_prof_int": [0.15818098836384734, 0.24314220665031686], "time_main_int": [938.9863652944565, 2163.384909391403], "time_aux_int": [0.0010007619857788086, 0.0020295143127441405], "time_prof_int": [4.772813257285332e-07, 2.1623506516040222e-06], "search_time_list_int": [0.711556339263916, 0.9344871997833252], "mae_main_int_mean": 0.7742813743615491, "mae_aux_int_mean": 0.6093418680258924, "mae_prof_int_mean": 0.19933619689330145, "mse_main_int_mean": 2.057260397485105, "mse_aux_int_mean": 1.1544105203477706, "mse_prof_int_mean": 0.4408756418876719, "mape_main_int_mean": 3.2982573015676104, "mape_aux_int_mean": 2.69633398527215, "mape_prof_int_mean": 0.2006615975070821, "time_main_int_mean": 1551.1856373429298, "time_aux_int_mean": 0.0015151381492614746, "time_prof_int_mean": 1.3198159886662778e-06, "search_time_list_int_mean": 0.8230217695236206, "mae_main_int_err": 0.19814238013930963, "mae_aux_int_err": 0.14549949488599392, "mae_prof_int_err": 0.029041085933310076, "mse_main_int_err": 0.872826573978899, "mse_aux_int_err": 0.48400219426165203, "mse_prof_int_err": 0.022548149470301038, "mape_main_int_err": 0.5936654771676526, "mape_aux_int_err": 0.41959658373084285, "mape_prof_int_err": 0.04248060914323476, "time_main_int_err": 612.1992720484734, "time_aux_int_err": 0.000514376163482666, "time_prof_int_err": 8.425346629377445e-07, "search_time_list_int_err": 0.11146543025970457}