{"mae_main": [0.406298108185501, 0.6236267704417396, 0.7899100184591855, 0.5386926002913925, 0.5246442250572967], "mae_aux": [0.3047149371096088, 0.47662797393274925, 0.6028524524395431, 0.4164169377746618, 0.3995311916660543], "mae_prof": [0.2500212750917191, 0.23571598186021633, 0.23680870181203764, 0.22698597020005232, 0.23847214438999828], "mse_main": [0.5008208695042573, 1.0101557099007679, 1.6482048175378219, 0.8858513647925707, 0.7386634863212913], "mse_aux": [0.3016086159808383, 0.6418100970953476, 0.8914180182495628, 0.5361685444816288, 0.4577200845038855], "mse_prof": [0.39777147010788766, 0.36464241026920935, 0.4591582255042722, 0.394742091290702, 0.3803401779294202], "mape_main": [2.574738737202076, 4.165463130295753, 4.282135512158405, 3.1077444277092816, 3.4550931294603524], "mape_aux": [1.916650554426678, 2.826028768850311, 3.3999095387785867, 2.4925279727147274, 2.434763009974745], "mape_prof": [0.2555941592312899, 0.3215571281146691, 0.20602476751959053, 0.19796237087875024, 0.295311900795268], "time_main": [2200.078505754471, 1543.4459528923035, 1322.5293979644775, 1627.3158855438232, 1800.8313248157501], "time_aux": [0.0009992122650146484, 0.002001523971557617, 0.0009996891021728516, 0.0020017623901367188, 0.002001047134399414], "time_prof": [4.541711863468206e-07, 1.2967891540399646e-06, 7.558917810912077e-07, 1.2301006878377282e-06, 1.1111796573197374e-06], "search_time_list": [0.6010339260101318, 0.6360340118408203, 0.6229853630065918, 0.6360347270965576, 0.6019983291625977], "mae_main_int": [0.4181327198726806, 0.7732816936574409], "mae_aux_int": [0.31419656256525336, 0.5902300045888638], "mae_prof_int": [0.22785897136606872, 0.24886636202154702], "mse_main_int": [0.5246051311859607, 1.5843999067741164], "mse_aux_int": [0.317219762833143, 0.8664572261341412], "mse_prof_int": [0.36621218703523045, 0.4530195499646337], "mape_main_int": [2.6280393062527962, 4.270468273972139], "mape_aux_int": [1.9684617999814848, 3.342521461785759], "mape_prof_int": [0.19876861054283426, 0.31893260538272894], "time_main_int": [1344.6210534572601, 2160.153787660599], "time_aux_int": [0.0009992599487304687, 0.0020017385482788085], "time_prof_int": [4.843432458212593e-07, 1.2901203074197408e-06], "search_time_list_int": [0.6011303663253784, 0.6360346555709839], "mae_main_int_mean": 0.5957072067650607, "mae_aux_int_mean": 0.4522132835770586, "mae_prof_int_mean": 0.23836266669380787, "mse_main_int_mean": 1.0545025189800386, "mse_aux_int_mean": 0.5918384944836421, "mse_prof_int_mean": 0.4096158684999321, "mape_main_int_mean": 3.4492537901124676, "mape_aux_int_mean": 2.655491630883622, "mape_prof_int_mean": 0.2588506079627816, "time_main_int_mean": 1752.3874205589295, "time_aux_int_mean": 0.0015004992485046385, "time_prof_int_mean": 8.872317766205001e-07, "search_time_list_int_mean": 0.6185825109481812, "mae_main_int_err": 0.17757448689238017, "mae_aux_int_err": 0.1380167210118052, "mae_prof_int_err": 0.010503695327739149, "mse_main_int_err": 0.5298973877940778, "mse_aux_int_err": 0.2746187316504991, "mse_prof_int_err": 0.04340368146470164, "mape_main_int_err": 0.8212144838596716, "mape_aux_int_err": 0.6870298309021371, "mape_prof_int_err": 0.06008199741994734, "time_main_int_err": 407.7663671016694, "time_aux_int_err": 0.0005012392997741699, "time_prof_int_err": 4.0288853079924075e-07, "search_time_list_int_err": 0.017452144622802757}