{"mae_main": [1.05407789465664, 1.1563871325422148, 1.1187144583121862, 1.1385704919922774, 1.0764927731061043], "mae_aux": [0.7921264612820321, 0.8930510096752448, 0.8482888403261897, 0.8351878700428051, 0.7833822288470068], "mae_prof": [0.24851240567940866, 0.22772315209703942, 0.2417289022920021, 0.2664592347010606, 0.27228287228845804], "mse_main": [3.2323499390850503, 3.7355778194612954, 3.486006087386569, 3.6507694816412375, 3.508007645935712], "mse_aux": [1.5941266860249175, 1.9431601043846698, 1.8106902962053149, 1.7173214975287956, 1.6223681775177319], "mse_prof": [0.506821131354314, 0.479823417340857, 0.4805831513728724, 0.5296001278183257, 0.5375243325374829], "mape_main": [4.591936008726289, 4.8352150697661855, 4.862003382668528, 4.934734367097936, 4.466709159452093], "mape_aux": [3.4641693040350954, 3.9979433367962907, 3.7375969313613413, 3.8539916673797947, 3.2970738988907726], "mape_prof": [0.2455972170666231, 0.1731612184544218, 0.2312640207769769, 0.21900726955516234, 0.26185614930540796], "time_main": [57.21733736991882, 32.15804100036621, 33.52082824707031, 48.94209170341492, 65.70666670799255], "time_aux": [0.0009999275207519531, 0.001001119613647461, 0.0020008087158203125, 0.0009641647338867188, 0.0009894371032714844], "time_prof": [1.7475953386073682e-05, 3.113123755380685e-05, 5.968852264249113e-05, 1.970011293610985e-05, 1.5058397463207936e-05], "search_time_list": [0.6780288219451904, 0.6420354843139648, 0.6430327892303467, 0.6420016288757324, 0.6820569038391113], "mae_main_int": [1.0563193825015864, 1.1546054684872211], "mae_aux_int": [0.7842566520905093, 0.8885747927403392], "mae_prof_int": [0.2291237271165357, 0.2717005085297183], "mse_main_int": [3.2577155539152023, 3.7270969856792897], "mse_aux_int": [1.596950835174199, 1.9299131235667344], "mse_prof_int": [0.4798993907440585, 0.5367319120655671], "mape_main_int": [4.4792318443795125, 4.927461268654995], "mape_aux_int": [3.313783439405205, 3.983548169854641], "mape_prof_int": [0.17774582356449586, 0.2602302560815295], "time_main_int": [32.29431972503662, 64.85773377418518], "time_aux_int": [0.0009666919708251953, 0.0019008398056030273], "time_prof_int": [1.530015305549451e-05, 5.68327941336227e-05], "search_time_list_int": [0.6420050144195557, 0.6816540956497192], "mae_main_int_mean": 1.1054624254944039, "mae_aux_int_mean": 0.8364157224154243, "mae_prof_int_mean": 0.250412117823127, "mse_main_int_mean": 3.4924062697972458, "mse_aux_int_mean": 1.7634319793704667, "mse_prof_int_mean": 0.5083156514048128, "mape_main_int_mean": 4.703346556517253, "mape_aux_int_mean": 3.648665804629923, "mape_prof_int_mean": 0.21898803982301268, "time_main_int_mean": 48.576026749610904, "time_aux_int_mean": 0.0014337658882141112, "time_prof_int_mean": 3.6066473594558606e-05, "search_time_list_int_mean": 0.6618295550346375, "mae_main_int_err": 0.049143042992817354, "mae_aux_int_err": 0.05215907032491496, "mae_prof_int_err": 0.02128839070659129, "mse_main_int_err": 0.2346907158820437, "mse_aux_int_err": 0.1664811441962677, "mse_prof_int_err": 0.02841626066075431, "mape_main_int_err": 0.22411471213774137, "mape_aux_int_err": 0.3348823652247179, "mape_prof_int_err": 0.04124221625851682, "time_main_int_err": 16.281707024574278, "time_aux_int_err": 0.000467073917388916, "time_prof_int_err": 2.0766320539064093e-05, "search_time_list_int_err": 0.019824540615081765}