{"mae_main": [0.5060119108253257, 0.4535201994900776, 0.48865814021396153, 0.3853235735861799, 0.502058849964045], "mae_aux": [0.4093196645586814, 0.3795331743768024, 0.3986368455560074, 0.3270171989891385, 0.4029600163704248], "mae_prof": [0.19108689775490734, 0.16313942619637153, 0.18422141626155622, 0.15131795351732052, 0.1973848954175735], "mse_main": [1.1238782964069798, 0.9518650857908348, 1.2543997277872028, 0.7326219524846384, 0.9524021138074277], "mse_aux": [0.6216856718862497, 0.5582541716533531, 0.7183166242486211, 0.46552908199513116, 0.564047620943254], "mse_prof": [0.4468389736915746, 0.41351544458683376, 0.42736226073984224, 0.3645712083615289, 0.4077631572148081], "mape_main": [2.4593670119991256, 2.18150329280902, 2.3276139558307523, 1.9862653007857278, 2.636899010627886], "mape_aux": [1.9101961334090072, 1.7423998684903816, 2.0274672344699463, 1.5074344050025812, 2.1949861693243276], "mape_prof": [0.22329765175784738, 0.2012847863975604, 0.12895038741666257, 0.24107096649864973, 0.16758807960504035], "time_main": [2395.839388370514, 2429.8485522270203, 2538.2474377155304, 2651.0140993595123, 2289.9286708831787], "time_aux": [0.001003265380859375, 0.0009982585906982422, 0.0010008811950683594, 0.001001119613647461, 0.0010001659393310547], "time_prof": [4.187531876006628e-07, 4.1083160914836104e-07, 3.943197893934135e-07, 3.776364727329562e-07, 4.367672897624847e-07], "search_time_list": [0.6489920616149902, 0.7100298404693604, 0.6670022010803223, 0.7040009498596191, 0.664034366607666], "mae_main_int": [0.39214323617656965, 0.5056166047391977], "mae_aux_int": [0.33226879652790486, 0.40868369973985574], "mae_prof_int": [0.15250010078522563, 0.1967550956513069], "mse_main_int": [0.754546265815258, 1.2413475846491804], "mse_aux_int": [0.47480159096095337, 0.708653529012384], "mse_prof_int": [0.36889040324685685, 0.44489130239640134], "mape_main_int": [2.005789099988057, 2.61914581076501], "mape_aux_int": [1.5309309513513611, 2.1782342758388893], "mape_prof_int": [0.13281415663550034, 0.2392936350245695], "time_main_int": [2300.5197426319123, 2639.737433195114], "time_aux_int": [0.0009984493255615235, 0.0010030508041381837], "time_prof_int": [3.7930480439900194e-07, 4.349658795463025e-07], "search_time_list_int": [0.6504962921142579, 0.7094269514083862], "mae_main_int_mean": 0.44887992045788366, "mae_aux_int_mean": 0.3704762481338803, "mae_prof_int_mean": 0.17462759821826626, "mse_main_int_mean": 0.9979469252322192, "mse_aux_int_mean": 0.5917275599866687, "mse_prof_int_mean": 0.40689085282162907, "mape_main_int_mean": 2.3124674553765336, "mape_aux_int_mean": 1.854582613595125, "mape_prof_int_mean": 0.1860538958300349, "time_main_int_mean": 2470.128587913513, "time_aux_int_mean": 0.0010007500648498537, "time_prof_int_mean": 4.0713534197265224e-07, "search_time_list_int_mean": 0.679961621761322, "mae_main_int_err": 0.05673668428131401, "mae_aux_int_err": 0.03820745160597544, "mae_prof_int_err": 0.022127497433040627, "mse_main_int_err": 0.2434006594169612, "mse_aux_int_err": 0.11692596902571531, "mse_prof_int_err": 0.03800044957477225, "mape_main_int_err": 0.30667835538847643, "mape_aux_int_err": 0.32365166224376407, "mape_prof_int_err": 0.05323973919453458, "time_main_int_err": 169.6088452816009, "time_aux_int_err": 2.3007392883301e-06, "time_prof_int_err": 2.783053757365028e-08, "search_time_list_int_err": 0.029465329647064165}