{"mae_main": [1.3143458841660416, 1.312191857808696, 1.302718238565681, 1.3108413181505512, 1.3109222797128584], "mae_aux": [0.9412632143204264, 0.9391351687348023, 0.9300219890781022, 0.9314844204682451, 0.9257397590453307], "mae_prof": [0.283854253541744, 0.28430041449646115, 0.28609121946271737, 0.28939955769591985, 0.2938255963975967], "mse_main": [4.038373434762275, 4.039574951447382, 4.039004847249722, 4.039018834851318, 4.041663435820427], "mse_aux": [2.1140828131680816, 2.1403486620868626, 2.070523405265245, 2.09362628708824, 2.054851330722188], "mse_prof": [0.47650140648953376, 0.47015498219188273, 0.4873679325551873, 0.4816497836001527, 0.4915827694828654], "mape_main": [5.849376423323225, 5.832453189643404, 5.803723798864584, 5.845926620518286, 5.834157949305163], "mape_aux": [4.522926570603533, 4.6046892266789685, 4.494906089388059, 4.575564429033328, 4.565732007802738], "mape_prof": [0.2267677367164706, 0.2105055836786752, 0.2255134384121754, 0.21730724211046132, 0.21741371291695868], "time_main": [0.1277613639831543, 0.018033981323242188, 0.019409656524658203, 0.017998218536376953, 0.01800704002380371], "time_aux": [0.0010311603546142578, 0.0010008811950683594, 0.002001047134399414, 0.0029675960540771484, 0.0020003318786621094], "time_prof": [0.008070987366338852, 0.05549973558963511, 0.10309544282029234, 0.16488276592926215, 0.11108610165900937], "search_time_list": [0.6110043525695801, 0.6119985580444336, 0.6090385913848877, 0.6180367469787598, 0.6130321025848389], "mae_main_int": [1.303530546524168, 1.314130481530307], "mae_aux_int": [0.9261679820486078, 0.9410504097618639], "mae_prof_int": [0.2838988696372157, 0.293382992527429], "mse_main_int": [4.03843657601102, 4.0414545873831225], "mse_aux_int": [2.056418538176494, 2.1377220771949843], "mse_prof_int": [0.47078962462164786, 0.4911612857900976], "mape_main_int": [5.806596737942466, 5.849031443042731], "mape_aux_int": [4.497708137509607, 4.601776746914404], "mape_prof_int": [0.21118574952185382, 0.2266423068860411], "time_main_int": [0.017999100685119628, 0.11692619323730467], "time_aux_int": [0.0010039091110229492, 0.002870941162109375], "time_prof_int": [0.012813862188668479, 0.15950309950223687], "search_time_list_int": [0.6092351675033569, 0.6175362825393677], "mae_main_int_mean": 1.3088305140272376, "mae_aux_int_mean": 0.933609195905236, "mae_prof_int_mean": 0.28864093108232236, "mse_main_int_mean": 4.039945581697071, "mse_aux_int_mean": 2.097070307685739, "mse_prof_int_mean": 0.4809754552058727, "mape_main_int_mean": 5.827814090492598, "mape_aux_int_mean": 4.549742442212006, "mape_prof_int_mean": 0.21891402820394745, "time_main_int_mean": 0.06746264696121215, "time_aux_int_mean": 0.001937425136566162, "time_prof_int_mean": 0.08615848084545268, "search_time_list_int_mean": 0.6133857250213623, "mae_main_int_err": 0.0052999675030694915, "mae_aux_int_err": 0.007441213856628048, "mae_prof_int_err": 0.004742061445106638, "mse_main_int_err": 0.001509005686051168, "mse_aux_int_err": 0.040651769509245206, "mse_prof_int_err": 0.01018583058422487, "mape_main_int_err": 0.02121735255013224, "mape_aux_int_err": 0.05203430470239878, "mape_prof_int_err": 0.007728278682093637, "time_main_int_err": 0.04946354627609252, "time_aux_int_err": 0.000933516025543213, "time_prof_int_err": 0.0733446186567842, "search_time_list_int_err": 0.00415055751800536}