{"mae_main": [0.8501321901222171, 0.8695548383415048, 0.6672509089055595, 0.7173209337111052, 0.5380485400330597], "mae_aux": [0.6531626214987131, 0.6846798986045237, 0.546274158741779, 0.5668519135659116, 0.44231793137673797], "mae_prof": [0.2316928718993539, 0.2126087183754755, 0.18130623510458665, 0.2097652711272939, 0.17792188163997188], "mse_main": [2.276389334941794, 2.3543649726230735, 1.6476090737711049, 1.747851380400734, 1.0869910727839076], "mse_aux": [1.228033132895413, 1.3104752074674673, 0.9083297775002049, 0.9479443383231106, 0.6716310291875746], "mse_prof": [0.4605346659969248, 0.4433848520913795, 0.44869824282941817, 0.45765163505733925, 0.38211909370382297], "mape_main": [3.648483005561714, 3.780113249939352, 2.855307931402304, 3.042005595001105, 2.2013154009927485], "mape_aux": [2.909518758618093, 2.9401292647365223, 2.4657894082049285, 2.425338347925314, 1.8030071531831844], "mape_prof": [0.20254013676839128, 0.22221132798502966, 0.13641909473703398, 0.20271732836032705, 0.18094101718905667], "time_main": [770.9858949184418, 742.9861755371094, 1570.0629301071167, 1241.5288348197937, 1811.881624698639], "time_aux": [0.0019807815551757812, 0.001970052719116211, 0.0010006427764892578, 0.0009987354278564453, 0.0009999275207519531], "time_prof": [2.5691540769177324e-06, 2.6515334793302814e-06, 6.373265410584463e-07, 8.044399774262274e-07, 5.51872433122261e-07], "search_time_list": [0.6389992237091064, 0.6669976711273193, 0.6720366477966309, 0.6969985961914062, 0.8100569248199463], "mae_main_int": [0.5509687769203097, 0.867612573519576], "mae_aux_int": [0.4527135541132421, 0.6815281708939427], "mae_prof_int": [0.17826031698643335, 0.22978445654696605], "mse_main_int": [1.1430528728826272, 2.3465674088549457], "mse_aux_int": [0.6953009040188376, 1.302231000010262], "mse_prof_int": [0.3882456695425786, 0.4602463629029662], "mape_main_int": [2.266714654033704, 3.766950225501588], "mape_aux_int": [1.8652402726573973, 2.9370682141246793], "mape_prof_int": [0.14087128698223625, 0.2202619280225594], "time_main_int": [745.7861474752426, 1787.6997552394866], "time_aux_int": [0.000998854637145996, 0.0019797086715698242], "time_prof_int": [5.604178439158795e-07, 2.6432955390890263e-06], "search_time_list_int": [0.6417990684509277, 0.7987510919570923], "mae_main_int_mean": 0.7092906752199428, "mae_aux_int_mean": 0.5671208625035924, "mae_prof_int_mean": 0.2040223867666997, "mse_main_int_mean": 1.7448101408687866, "mse_aux_int_mean": 0.9987659520145498, "mse_prof_int_mean": 0.4242460162227724, "mape_main_int_mean": 3.0168324397676463, "mape_aux_int_mean": 2.4011542433910384, "mape_prof_int_mean": 0.18056660750239784, "time_main_int_mean": 1266.7429513573647, "time_aux_int_mean": 0.0014892816543579102, "time_prof_int_mean": 1.601856691502453e-06, "search_time_list_int_mean": 0.72027508020401, "mae_main_int_err": 0.15832189829963317, "mae_aux_int_err": 0.11440730839035029, "mae_prof_int_err": 0.02576206978026635, "mse_main_int_err": 0.6017572679861592, "mse_aux_int_err": 0.30346504799571217, "mse_prof_int_err": 0.03600034668019381, "mape_main_int_err": 0.750117785733942, "mape_aux_int_err": 0.535913970733641, "mape_prof_int_err": 0.03969532052016157, "time_main_int_err": 520.956803882122, "time_aux_int_err": 0.0004904270172119141, "time_prof_int_err": 1.0414388475865734e-06, "search_time_list_int_err": 0.07847601175308228}