{"mae_main": [1.245438277331185, 1.2421782339769363, 1.2443911611505065, 1.245989200722412, 1.2457821666242839], "mae_aux": [0.9029765858967261, 0.9205154003408292, 0.90883865613082, 0.9040490176909441, 0.9081731923473365], "mae_prof": [0.27497283299202147, 0.25895062788717277, 0.26965195148883103, 0.2744327020115539, 0.27100161113380833], "mse_main": [3.998916012504158, 3.9972596193246326, 4.019677732714195, 4.014206693300843, 3.9881758020515967], "mse_aux": [2.0187406799355796, 2.1080210007194906, 2.0529932575872407, 2.036017934402297, 1.9986286193672842], "mse_prof": [0.4951780248389299, 0.4726334535469435, 0.48926421616366633, 0.492796935992327, 0.4988614548187294], "mape_main": [5.824685978690533, 5.79977575214084, 5.774055521754079, 5.811287990691967, 5.800884243556935], "mape_aux": [4.353179425765736, 4.516656172059499, 4.378023267349678, 4.350587836965738, 4.397558411705125], "mape_prof": [0.2526327699567438, 0.22123606755100997, 0.24177672853071305, 0.2513556643666354, 0.2419158481589233], "time_main": [20.390859603881836, 19.36000084877014, 19.11803650856018, 19.461000204086304, 19.177998304367065], "time_aux": [0.0009992122650146484, 0.002001047134399414, 0.0010004043579101562, 0.0009987354278564453, 0.002010822296142578], "time_prof": [4.900294957768367e-05, 0.00010335986811315311, 5.23277773563316e-05, 5.131984057256918e-05, 0.00010485047835699773], "search_time_list": [0.5910320281982422, 0.5859968662261963, 0.5950241088867188, 0.5950336456298828, 0.592038631439209], "mae_main_int": [1.2423995266942933, 1.2459684973125993], "mae_aux_int": [0.9030838290761479, 0.9193477259198283], "mae_prof_int": [0.2600207602473386, 0.2749188198939747], "mse_main_int": [3.9890841837789, 4.019130628772859], "mse_aux_int": [2.0006398254241136, 2.1025182264062656], "mse_prof_int": [0.4742965298086158, 0.49849311182074946], "mape_main_int": [5.776627544792754, 5.8233461798906765], "mape_aux_int": [4.350846995845737, 4.5047463960240615], "mape_prof_int": [0.2232901336489803, 0.25250505939773293], "time_main_int": [19.12403268814087, 20.297873663902283], "time_aux_int": [0.0009987831115722656, 0.0020098447799682616], "time_prof_int": [4.923463867717222e-05, 0.00010470141733261326], "search_time_list_int": [0.5865003824234009, 0.5950326919555664], "mae_main_int_mean": 1.2441840120034464, "mae_aux_int_mean": 0.9112157774979881, "mae_prof_int_mean": 0.26746979007065663, "mse_main_int_mean": 4.00410740627588, "mse_aux_int_mean": 2.0515790259151894, "mse_prof_int_mean": 0.48639482081468266, "mape_main_int_mean": 5.799986862341715, "mape_aux_int_mean": 4.4277966959349, "mape_prof_int_mean": 0.23789759652335662, "time_main_int_mean": 19.710953176021576, "time_aux_int_mean": 0.0015043139457702635, "time_prof_int_mean": 7.696802800489274e-05, "search_time_list_int_mean": 0.5907665371894837, "mae_main_int_err": 0.0017844853091529833, "mae_aux_int_err": 0.008131948421840174, "mae_prof_int_err": 0.0074490298233180485, "mse_main_int_err": 0.015023222496979516, "mse_aux_int_err": 0.05093920049107603, "mse_prof_int_err": 0.012098291006066825, "mape_main_int_err": 0.023359317548961034, "mape_aux_int_err": 0.07694970008916213, "mape_prof_int_err": 0.014607462874376323, "time_main_int_err": 0.5869204878807075, "time_aux_int_err": 0.000505530834197998, "time_prof_int_err": 2.773338932772052e-05, "search_time_list_int_err": 0.004266154766082775}